Date,Merchant,Subject,Amounts
"Tue, 6 May 2025 11:37:26 -0500 (CDT)",info.digitalocean.com,,"53, 0, 200, 25, 101, 10013, 24, 1, 0, 5, 7, 0, 3, 9, 8, 6, 7, 8, 0, 5, 0, 1, 1, 5, 3, 58, 2"
"Wed, 07 May 2025 22:01:33 +0000",upwork.com,,"1238, 122487832, 0, 5, 9, 2, 7, 6, 1, 2, 3, 655, 490, 17022, 94111, 2025"
"Wed, 07 May 2025 22:01:50 +0000",upwork.com,,"73.13, 50.85, 122487832, 1, 7, 2025, 5.85, 73.13, 50.85, 0.00, 805947709, 122487832, 805947725, 7, 4, 2, 6, 98, 5, 655, 490, 17022, 94111, 2025"
"Thu, 08 May 2025 09:18:02 +0000 (UTC)",digitalocean.com,,"08, 2025, 3.34, 101, 2, 10013, 26264468, 001, 2, 2, 0, 4, 3, 2, 7, 39, 5, 6, 2, 2, 3, 1, 7, 2, 7, 7, 1, 2, 4, 3, 2, 7, 4, 2, 7, 6, 2, 2, 90, 0, 4, 8, 2, 00, 339, 2, 5, 3, 2, 1, 1, 2, 38, 2, 1, 54, 8, 0, 8, 50, 4, 4, 6, 6, 5, 16, 2, 3, 18, 2, 2, 2, 3, 2, 1, 9, 7, 2, 40, 5, 2, 6, 81, 8, 7, 2, 3"
"Fri, 9 May 2025 03:31:45 +0000",stripe.com,,"30.00, 9, 2025, 3, 19, 6, 8, 9, 1, 2, 9, 2, 5, 0, 0200, 2, 0, 5, 3, 4, 0, 71, 3, 6, 1, 8, 9, 3, 99, 5, 2, 7, 8, 2540, 6405, 651, 1, 0006, 1238, 2540, 6405, 9, 9, 2025, 20, 1, 30.00, 30.00, 30.00"
"Sat, 10 May 2025 04:43:47 +0000",stripe.com,,"12.43, 10, 2025, 3, 1, 07, 8, 3, 9, 1, 2, 8, 5, 0200, 2, 0, 0, 9, 1, 7, 9, 72, 98, 0, 1, 8, 7, 4018, 135, 0, 2521, 0236, 252, 7, 0001, 1238, 2521, 0236, 10, 10, 2025, 0, 0.00, 1, 22.00, 22.00, 50, 50, 11.00, 11.00, 13, 1.43, 1.99, 12.43, 12.43"
"Sun, 11 May 2025 14:13:17 +0000",kufiya.org,,"30, 2, 0, 2, 0, 2, 0, 2, 0, 2, 80, 99, 2, 0, 2, 0, 2, 0, 2, 0, 2, 0, 2, 0, 2, 0, 2, 0, 2, 0, 2, 0, 2, 0, 2, 0, 2, 80, 8, 2, 80, 8, 2, 80, 99, 2, 80, 8, 2, 80, 8, 0, 9, 9, 8, 12, 18, 2, 0, 2, 0, 2, 80, 8, 2, 0, 2, 0, 2, 0, 2, 0, 2, 80, 8, 3, 7, 6, 3, 01, 10, 0, 8, 3, 415991, 5, 5, 2, 658, 759357, 9, 54, 3, 01, 8, 48, 0, 1, 3, 01, 3, 3, 098, 8, 89, 0, 2, 0, 3, 7, 6, 3, 01, 10, 0, 8, 3, 415991, 5, 5, 2, 658, 759357, 9, 54, 3, 01, 8, 48, 0, 1, 3, 01, 3, 3, 098, 8, 89, 0"
"Tue, 13 May 2025 03:54:29 +0000",stripe.com,,"1860, 0373, 25.00, 12, 2025, 11, 51, 54, 1238, 25.00, 25.00, 2, 0, 9, 1, 5, 5, 3, 6, 1, 4, 0, 7"
"Tue, 13 May 2025 15:02:51 -0500 (CDT)",info.digitalocean.com,,"100, 3, 2, 400, 1, 2, 53, 0, 200, 25, 101, 10013, 24, 1, 0, 5, 0, 7, 6, 8, 0, 4, 3, 1, 9, 75, 5, 9, 8, 0, 7, 0"
"Tue, 13 May 2025 22:36:40 +0000 (UTC)",accounts.epidemicsound.com,,
"Tue, 13 May 2025 16:18:58 -0700",infoemails.microsoft.com,,"3, 1, 0, 3, 1, 1, 3, 1999, 9, 96, 8, 7, 7, 1, 0, 0, 22, 0, 0, 22, 12, 0, 0, 3, 0, 12, 8, 0, 30, 0, 20, 0, 0067, 8, 20, 20, 20, 0, 0, 0, 0, 20, 0, 20, 20, 20, 0, 20, 0, 20, 20, 20, 40, 0, 40, 0, 40, 20, 20, 0, 10, 10, 10, 20, 0, 0, 0, 10, 10, 10, 10, 0, 0, 20, 20, 20, 0, 0, 0, 0, 0, 0, 0, 0, 0067, 8, 0, 30, 4, 50, 50, 30, 30, 1, 50, 50, 2, 84, 84, 3, 119, 119, 5, 154, 154, 40, 0, 40, 0, 40, 20, 0, 20, 0, 20, 10, 0, 10, 0, 10, 10, 20, 10, 10, 20, 0, 40, 0, 40, 0, 20, 0, 20, 20, 20, 0, 20, 0, 20, 20, 20, 12, 505050, 16, 0.01, 5, 5, 14, 505050, 20, 0.01, 10, 10, 20, 30, 0, 30, 0, 30, 0, 80, 0, 80, 20, 20, 20, 20, 10, 10, 10, 10, 10, 10, 10, 10, 600, 0, 0, 0, 30, 20, 0, 20, 20, 30, 20, 0, 20, 20, 30, 20, 0, 20, 20, 1, 0, 0, 0, 1, 1, 0, 0, 0, 600, 6, 6, 6, 7, 7, 7, 0, 30, 10, 20, 10, 10, 0, 10, 0, 0, 20, 0, 20, 0, 0, 20, 20, 20, 20, 20, 10, 10, 0, 0, 10, 20, 20, 0, 0, 20, 640, 0, 0, 0, 0, 480, 100, 0, 40, 0, 40, 100, 100, 10, 10, 20, 35, 20, 288, 0, 30, 30, 100, 5, 5, 10, 10, 100, 100, 0, 0, 100, 100, 100, 100, 20, 20, 20, 20, 0, 20, 35, 35, 20, 2, 85, 18, 20, 0, 20, 20, 20, 0, 20, 20, 20, 40, 40, 100, 100, 4, 20, 20, 60, 60, 1, 20, 20, 2, 20, 20, 3, 20, 20, 5, 55, 55, 0, 20, 20, 0, 0, 20, 30, 30, 20, 0, 0, 20, 0, 100, 100, 0, 20, 30, 30, 20, 20, 20, 16, 150, 100, 100, 100, 20, 20, 20, 20, 0, 0, 0, 0, 22, 0, 0, 22, 0, 0, 8, 12, 0, 0067, 8, 16, 600, 0, 0, 8, 0, 0, 0, 0, 20, 28, 0, 0, 8, 0, 0, 20, 0, 0, 0, 30, 20, 20, 10, 10, 10, 10, 20, 0, 20, 20, 1, 0, 0, 0, 0, 0, 0, 0, 0, 0, 100, 27, 27, 12, 505050, 20, 1, 1, 0, 0, 0, 1, 1, 0, 0, 0, 847, 847, 847, 847, 847, 847, 847, 847, 847, 847, 847, 847, 847, 847, 847, 847, 847, 847, 847, 847, 847, 847, 847, 847, 847, 847, 847, 847, 847, 847, 847, 847, 847, 847, 847, 847, 847, 847, 847, 847, 847, 847, 847, 847, 847, 847, 847, 847, 847, 847, 847, 847, 847, 847, 847, 847, 847, 847, 847, 847, 847, 847, 847, 847, 847, 847, 847, 847, 847, 847, 847, 847, 847, 847, 847, 847, 847, 847, 847, 847, 847, 847, 847, 847, 847, 847, 847, 847, 847, 847, 847, 847, 847, 847, 847, 847, 847, 847, 847, 847, 847, 847, 847, 847, 847, 847, 847, 847, 847, 847, 847, 847, 847, 847, 847, 847, 847, 847, 847, 847, 847, 847, 847, 847, 847, 847, 847, 847, 847, 847, 847, 847, 847, 847, 847, 847, 847, 847, 847, 847, 847, 847, 847, 847, 847, 847, 847, 847, 847, 847, 847, 847, 847, 847, 847, 847, 847, 847, 847, 847, 847, 847, 847, 847, 847, 0, 0, 0, 0, 100, 16, 0, 0, 0, 660, 660, 60, 0, 0, 0, 660, 660, 60, 12, 12, 0, 0, 0, 100, 0, 0, 0, 100, 20, 10, 14, 0.02, 10, 30, 10, 30, 10, 14, 0, 0, 0.02, 9, 3, 4, 8, 397, 4, 8, 399, 9, 3, 92, 1, 3, 0, 4, 1, 2, 3, 4, 1, 3, 19, 3, 5, 9, 6, 12, 1, 2, 3, 5, 0, 5, 7, 5, 9, 400, 000000, 100, 0, 0, 0, 20, 0, 9, 3, 4, 8, 397, 4, 8, 39, 1, 2, 20, 20, 1, 20, 20, 20, 0, 0, 0, 0, 100, 0, 0, 0, 100, 1, 2, 2, 2, 2, 2, 2, 1, 1, 0, 0, 0, 0, 100, 20, 20, 0, 0, 0, 0, 100, 0, 0, 0, 100, 483, 000000, 16, 24, 0, 0, 0, 0, 0, 0, 0, 0, 0, 0, 0, 0, 600, 16, 24, 280, 8, 0, 0.02, 9, 3, 4, 8, 397, 4, 8, 39, 0078, 4, 0078, 4, 0078, 4, 600, 0078, 4, 600, 160, 18, 0, 0, 0, 0, 0, 0, 0, 0, 0, 0, 0, 0, 0, 600, 16, 24, 280, 8, 0, 0.02, 9, 3, 4, 8, 397, 4, 8, 39, 0078, 4, 0078, 4, 0078, 4, 600, 0078, 4, 600, 160, 20, 20, 0, 0, 0, 0, 100, 0, 0, 0, 100, 1, 2, 2, 2, 2, 2, 2, 1, 1, 0, 0, 0, 0, 100, 40, 0, 0, 0, 0, 100, 000000, 600, 32, 40, 0.02, 0, 0, 1, 20, 0, 0, 0, 0, 100, 20, 000000, 16, 24, 0.02, 9, 3, 4, 8, 397, 4, 8, 39, 0078, 4, 12, 55, 9, 3, 4, 8, 397, 4, 8, 39, 0078, 4, 0, 0, 0, 100, 0, 0, 0, 0, 0, 0, 0, 0, 0, 0, 0, 0, 100, 2, 600, 18, 24, 8, 20, 100, 1, 0078, 4, 0078, 4, 9, 3, 4, 8, 397, 4, 8, 39, 9, 0, 5, 3, 00, 2, 2, 5, 6, 4, 9, 600, 40, 0, 0, 0, 0, 100, 0, 0, 0, 100, 1, 2, 2, 2, 2, 2, 2, 1, 1, 0, 100, 0, 0, 0, 20, 0, 100, 0, 0, 0, 000000, 600, 21, 28, 0.02, 0, 0, 2, 20, 0, 0, 0, 0, 0, 0, 0, 9, 3, 4, 8, 397, 4, 8, 3, 0, 40, 1, 2, 1, 20, 20, 0, 9, 3, 4, 8, 397, 4, 8, 3, 1, 40, 1, 2, 1, 20, 0, 0, 0, 0, 100, 0, 0, 0, 100, 1, 2, 2, 2, 2, 2, 2, 1, 1, 0, 0, 0, 0, 100, 40, 0, 0, 0, 0, 100, 0, 0, 0, 100, 147, 000000, 0, 0, 0, 100, 600, 16, 24, 5, 0, 5, 0, 9, 3, 4, 8, 397, 4, 8, 3, 2, 0078, 4, 0078, 4, 600, 0078, 4, 600, 4, 20, 0, 147, 000000, 0, 0, 0, 100, 600, 16, 24, 5, 0, 5, 0, 9, 3, 4, 8, 397, 4, 8, 3, 3, 0078, 4, 0078, 4, 600, 0078, 4, 600, 4, 20, 0, 147, 000000, 0, 0, 0, 100, 600, 16, 24, 5, 0, 5, 0, 9, 3, 4, 8, 397, 4, 8, 3, 4, 0078, 4, 0078, 4, 600, 0078, 4, 600, 4, 20, 0, 147, 000000, 0, 0, 0, 100, 600, 16, 24, 5, 0, 5, 0, 9, 3, 4, 8, 397, 4, 8, 3, 5, 0078, 4, 0078, 4, 600, 0078, 4, 600, 40, 0, 0, 0, 0, 100, 0, 0, 0, 100, 1, 2, 2, 2, 2, 2, 2, 1, 1, 0, 100, 0, 0, 0, 20, 0, 000000, 600, 21, 28, 0.02, 0, 0, 3, 10, 0, 0, 0, 0, 0, 100, 10, 000000, 16, 24, 6473980, 187, 4, 50, 2, 94, 3, 00, 10, 0, 0, 0, 0, 0, 100, 20, 0, 0, 100, 0, 0, 0, 1, 2, 2, 2, 2, 2, 2, 1, 1, 0, 20, 0, 0, 0, 0, 0, 0, 0, 9, 3, 4, 8, 397, 4, 8, 3, 6, 1, 2, 20, 20, 1, 0, 31, 32, 12, 9, 3, 4, 8, 397, 4, 8, 3, 7, 1, 20, 2, 1, 0, 31, 32, 12, 9, 3, 4, 8, 397, 4, 8, 6, 2, 1, 2, 20, 20, 1, 0, 31, 32, 12, 9, 3, 4, 8, 397, 4, 8, 6, 3, 1, 2, 20, 20, 1, 0, 31, 32, 20, 0, 100, 0, 0, 0, 1, 2, 2, 2, 2, 2, 2, 1, 1, 0, 20, 0, 0, 0, 0, 0, 100, 20, 0, 000000, 10, 14, 0.02, 0, 0, 0, 100, 20, 0, 000000, 10, 14, 0.02, 000000, 10, 14, 0.02, 9, 3, 4, 8, 397, 4, 8, 6, 0, 0078, 4, 0, 9, 3, 4, 8, 397, 4, 8, 6, 2, 0078, 4, 14, 0, 14, 0, 000000, 10, 14, 0.02, 9, 3, 4, 8, 397, 4, 8, 6, 9, 0078, 4, 0, 9, 3, 4, 8, 397, 4, 8, 6, 0078, 4, 4, 0, 4, 0, 5, 0, 5, 0, 5, 0, 5, 0, 9, 000000, 10, 14, 0.02, 9, 000000, 10, 14, 0.02, 0, 0, 98052, 1, 0, 3, 1, 1, 1, 20, 0, 0, 0, 0, 100, 100, 14, 1, 2, 20, 20, 1, 20, 20, 30, 0, 1, 0, 0, 9, 3, 4, 8, 397, 1"
"Tue, 13 May 2025 23:43:30 +0000",stripe.com,,"1198, 6205, 20.00, 13, 2025, 4, 40, 53, 1238, 20.00, 20.00, 2, 0, 2, 8, 5, 7, 6, 4"
"Wed, 14 May 2025 05:41:43 +0000",mail.notion.so,,"27, 2.51, 668, 1, 3, 27, 2.51, 668, 1, 3, 27, 2.51, 668, 1, 3, 27, 2.51, 668, 1, 3, 27, 2.51, 668, 1, 3, 27, 2.51, 668, 1, 3, 27, 2.51, 668, 1, 3, 27, 2.51, 668, 1, 3, 27, 2.51, 668, 1, 3, 27, 2.51, 668, 1, 3, 27, 2.51, 668, 1, 3, 27, 2.51, 668, 1, 3, 27, 2.51, 668, 1, 3, 2, 30, 9, 9, 1, 2, 30, 9, 9, 1"
"Wed, 14 May 2025 08:01:41 -0500 (CDT)",info.digitalocean.com,,"0, 10, 0, 10, 0, 7, 73, 1, 53, 292, 836, 4, 4, 297, 2, 5, 499, 0, 6143366, 0, 53, 292, 836, 4, 4, 297, 2, 5, 499, 0, 1, 7, 73, 1, 53, 292, 836, 4, 4, 297, 2, 5, 499, 0, 6143366, 1, 53, 292, 836, 4, 4, 297, 2, 5, 499, 0, 2, 7, 73, 1, 53, 292, 836, 4, 4, 297, 2, 5, 499, 0, 6143366, 2, 53, 292, 836, 4, 4, 297, 2, 5, 499, 0, 3, 7, 73, 1, 53, 292, 836, 4, 4, 297, 2, 5, 499, 0, 6143366, 3, 53, 292, 836, 4, 4, 297, 2, 5, 499, 0, 4, 7, 73, 1, 53, 292, 836, 4, 4, 297, 2, 5, 499, 0, 6143366, 4, 53, 292, 836, 4, 4, 297, 2, 5, 499, 0, 5, 7, 73, 1, 53, 292, 836, 4, 4, 297, 2, 5, 499, 0, 6143366, 5, 53, 292, 836, 4, 4, 297, 2, 5, 499, 0, 6, 7, 73, 1, 53, 292, 836, 4, 4, 297, 2, 5, 499, 0, 6143366, 6, 53, 292, 836, 4, 4, 297, 2, 5, 499, 0, 7, 7, 73, 1, 53, 292, 836, 4, 4, 297, 2, 5, 499, 0, 6143366, 7, 53, 292, 836, 4, 4, 297, 2, 5, 499, 0, 8, 7, 73, 1, 53, 292, 836, 4, 4, 297, 2, 5, 499, 0, 6143366, 8, 53, 292, 836, 4, 4, 297, 2, 5, 499, 0, 9, 7, 73, 1, 53, 292, 836, 4, 4, 297, 2, 5, 499, 0, 6143366, 9, 53, 292, 836, 4, 4, 297, 2, 5, 499, 0, 10, 7, 73, 1, 53, 292, 836, 4, 4, 297, 2, 5, 499, 0, 6143366, 10, 53, 292, 836, 4, 4, 297, 2, 5, 499, 0, 24, 1, 0, 6, 3, 1, 4, 7, 2, 1, 2, 99, 0, 4, 5, 75, 7"
"Thu, 15 May 2025 12:39:59 -0400 (EDT)",enbridgegas.com,Your homeâ€™s new best friend,"125, 75, 22, 125, 75, 50, 4, 05169, 05171, 05551, 105, 75, 30, 01334, 02081, 02082, 02083, 75, 20, 75, 36753, 1, 027, 60, 2025"
"Fri, 16 May 2025 02:24:22 +0000",mg.vast.ai,,"24, 0.01"
"Fri, 16 May 2025 20:35:42 +0000 (UTC)",em.shoppersdrugmart.ca,,"600, 0, 0, 21, 23, 600, 0, 0, 0, 600, 15, 3, 20, 560, 560, 0, 0, 0, 40, 20, 46829578, 001, 9, 2, 0, 8, 2, 1, 3, 4, 0, 4, 9, 2, 4, 9, 4, 2, 5, 5, 497, 0, 2, 4, 7, 5, 4, 2, 3, 3, 8, 2, 7, 4, 2, 7, 6, 2, 2, 90, 0, 4, 8, 2, 00, 20, 2, 2, 6, 0, 2, 0, 2, 2, 0, 8, 4, 3, 3, 1, 0, 32, 5, 7, 0, 2, 4, 9, 8, 2, 2, 1, 93, 9, 2, 3, 3, 3, 142, 26, 0, 60, 20, 46829578, 001, 9, 2, 2, 2, 9, 89, 9, 2, 0, 7, 3, 3, 0, 2, 7, 4, 2, 7, 6, 2, 2, 90, 0, 4, 8, 2, 00, 20, 2, 2, 6, 0, 2, 0, 2, 2, 2, 2, 3, 84, 2, 1, 2, 5, 73, 2, 8, 9, 5, 8, 2, 5, 7, 7, 8, 9, 16, 4, 2, 4, 5, 104, 68, 2, 3, 3, 16, 46829578, 001, 9, 2, 0, 8, 2, 1, 3, 4, 0, 4, 9, 2, 4, 9, 4, 2, 5, 5, 497, 0, 2, 4, 1, 8, 3, 3, 3, 0, 2, 7, 4, 2, 7, 6, 2, 2, 90, 0, 4, 8, 2, 00, 20, 2, 2, 6, 0, 2, 0, 2, 2, 0, 86, 3, 2, 7, 02, 8, 49, 4, 2, 2, 2, 8, 4, 4, 0, 7, 3, 2, 6, 25, 9, 3, 3, 14, 19, 0, 10, 20, 600, 15, 3, 600, 0, 32, 1, 13, 18, 1, 1, 1, 46829578, 001, 9, 2, 2, 2, 9, 89, 9, 2, 4, 7, 64, 2, 0, 3, 1, 1, 2, 7, 4, 2, 7, 6, 2, 2, 90, 0, 4, 8, 2, 00, 20, 2, 2, 6, 0, 2, 0, 2, 2, 2, 4, 7, 2, 1, 4, 350, 14, 2, 0, 1, 7, 51, 2, 8, 9, 8, 2, 40, 2, 2, 2, 573, 2, 42, 2, 32, 3, 3, 003, 71, 46829578, 001, 9, 2, 5, 6, 94, 3, 74, 9, 8, 9, 2, 7, 4, 2, 7, 6, 2, 2, 90, 0, 4, 8, 2, 00, 20, 2, 2, 6, 0, 2, 0, 2, 2, 2, 94, 3, 9, 3, 3, 2, 2, 8, 2, 0, 2, 3, 6, 4, 3, 5, 2, 1, 4, 6, 3, 3, 3, 003, 71, 1, 13, 18, 1, 1, 1, 2017, 243, 2, 4, 8, 1, 13, 18, 1, 1, 1, 003, 71, 24, 32, 26, 1148, 118, 4, 0, 6, 43.91, 44, 79.44, 92, 9057374799, 9057374799, 2, 3, 6, 46829578, 001, 9, 2, 2, 2, 9, 89, 9, 2, 7, 5, 3, 3, 6, 2, 7, 4, 2, 7, 6, 2, 2, 90, 0, 4, 8, 2, 00, 20, 2, 2, 6, 0, 2, 0, 2, 2, 2, 4, 6, 5, 7, 3, 16, 7, 2, 1, 2, 8, 2, 3, 46, 5, 6, 0, 6, 2, 3, 3, 6"
"Fri, 16 May 2025 22:36:41 +0000 (UTC)",accounts.epidemicsound.com,,
"Sun, 18 May 2025 07:31:10 +1000",predictivefinancialservices.com,,"12, 000.00, 6, 000.00, 12, 17, 20, 12, 000.00, 12, 17, 10, 6, 000.00, 120, 4.40, 7.00, 59, 345, 5.00, 7.50, 50, 510, 7.79, 7.34, 6, 37, 2.65, 4.00, 51, 100, 5, 500, 100, 5, 995, 41.45, 1995, 33.25, 995, 1995, 100, 100, 665, 7, 27, 2023, 11, 4575, 7, 28, 6.00, 6.00, 2.25, 3.45, 4575, 7, 28, 6.00, 30.00, 45.90, 665, 5, 050, 7, 50, 9, 2017, 37, 0.10, 16, 42.00, 0.10, 5.00, 10, 5.05, 6.00, 1, 000, 50, 050.00, 50, 5, 050, 7, 2, 062, 4, 2016, 136, 2.80, 13, 196.00, 2.80, 60.00, 13, 10, 13, 57.75, 20, 2, 062, 10, 54, 950.00, 30, 50, 2013, 100, 22, 995, 41.45, 1995, 33.25, 995, 1995, 100, 10, 100, 5, 500, 100, 5, 3, 202, 11, 1940, 1, 805, 708, 1765, 1800418, 7446, 805, 456, 0194, 222, 1395, 93102, 2019, 01, 0, 1, 19"
"Sat, 17 May 2025 22:57:31 +0000",stripe.com,,"6.99, 18, 2025, 3, 19, 8, 2, 9, 1, 1, 9, 2, 0, 0200, 94, 2, 0, 5, 1, 0, 15, 1, 53, 2, 5, 1, 6, 3, 6, 3, 83, 2495, 3821, 4, 0001, 1238, 2495, 3821, 18, 18, 2025, 1, 6.99, 6.99, 6.99"
"Sat, 17 May 2025 16:53:53 -0700",infoemails.microsoft.com,,"3, 1, 0, 3, 1, 1, 3, 1999, 9, 96, 8, 3, 3, 1, 0, 0, 22, 0, 0, 22, 12, 0, 0, 3, 0, 12, 8, 0, 30, 0, 20, 0, 0067, 8, 20, 20, 20, 0, 0, 0, 0, 20, 0, 20, 20, 20, 0, 20, 0, 20, 20, 20, 40, 0, 40, 0, 40, 20, 20, 0, 10, 10, 10, 20, 0, 0, 0, 10, 10, 10, 10, 0, 0, 20, 20, 20, 0, 0, 0, 0, 0, 0, 0, 0, 0067, 8, 0, 30, 4, 50, 50, 30, 30, 1, 50, 50, 2, 84, 84, 3, 119, 119, 5, 154, 154, 40, 0, 40, 0, 40, 20, 0, 20, 0, 20, 10, 0, 10, 0, 10, 10, 20, 10, 10, 20, 0, 40, 0, 40, 0, 20, 0, 20, 20, 20, 0, 20, 0, 20, 20, 20, 12, 505050, 16, 0.01, 5, 5, 14, 505050, 20, 0.01, 10, 10, 20, 30, 0, 30, 0, 30, 0, 80, 0, 80, 20, 20, 20, 20, 10, 10, 10, 10, 10, 10, 10, 10, 600, 0, 0, 0, 30, 20, 0, 20, 20, 30, 20, 0, 20, 20, 30, 20, 0, 20, 20, 1, 0, 0, 0, 1, 1, 0, 0, 0, 600, 6, 6, 6, 7, 7, 7, 0, 30, 10, 20, 10, 10, 0, 10, 0, 0, 20, 0, 20, 0, 0, 20, 20, 20, 20, 20, 10, 10, 0, 0, 10, 20, 20, 0, 0, 20, 640, 0, 0, 0, 0, 480, 100, 0, 40, 0, 40, 100, 100, 10, 10, 20, 35, 20, 288, 0, 30, 30, 100, 5, 5, 10, 10, 100, 100, 0, 0, 100, 100, 100, 100, 20, 20, 20, 20, 0, 20, 35, 35, 20, 2, 85, 18, 20, 0, 20, 20, 20, 0, 20, 20, 20, 40, 40, 100, 100, 4, 20, 20, 60, 60, 1, 20, 20, 2, 20, 20, 3, 20, 20, 5, 55, 55, 0, 20, 20, 0, 0, 20, 30, 30, 20, 0, 0, 20, 0, 100, 100, 0, 20, 30, 30, 20, 20, 20, 16, 150, 100, 100, 100, 20, 20, 20, 20, 0, 0, 0, 0, 22, 0, 0, 22, 0, 0, 8, 12, 0, 0067, 8, 16, 600, 0, 0, 8, 0, 0, 0, 0, 20, 28, 0, 0, 8, 0, 0, 20, 0, 0, 0, 30, 20, 20, 10, 10, 10, 10, 20, 0, 20, 20, 1, 0, 0, 0, 0, 0, 0, 0, 0, 0, 100, 27, 27, 12, 505050, 20, 1, 1, 0, 0, 0, 12, 1, 1, 0, 0, 0, 847, 847, 847, 847, 847, 847, 847, 847, 847, 847, 847, 847, 847, 847, 847, 847, 847, 847, 847, 847, 847, 847, 847, 847, 847, 847, 847, 847, 847, 847, 847, 847, 847, 847, 847, 847, 847, 847, 847, 847, 847, 847, 847, 847, 847, 847, 847, 847, 847, 847, 847, 847, 847, 847, 847, 847, 847, 847, 847, 847, 847, 847, 847, 847, 847, 847, 847, 847, 847, 847, 847, 847, 847, 847, 847, 847, 847, 847, 847, 847, 847, 847, 847, 847, 847, 847, 847, 847, 847, 847, 847, 847, 847, 847, 847, 847, 847, 847, 847, 847, 847, 847, 847, 847, 847, 847, 847, 847, 847, 847, 847, 847, 847, 847, 847, 847, 847, 847, 847, 847, 847, 847, 847, 847, 847, 847, 847, 847, 847, 847, 847, 847, 847, 847, 847, 847, 847, 847, 847, 847, 847, 847, 847, 847, 847, 847, 847, 847, 847, 847, 847, 847, 847, 847, 847, 847, 847, 847, 847, 847, 847, 847, 847, 847, 847, 0, 0, 0, 0, 100, 16, 0, 0, 0, 660, 660, 60, 0, 0, 0, 660, 660, 60, 12, 12, 0, 0, 0, 100, 0, 0, 0, 100, 20, 10, 14, 0.02, 10, 30, 10, 30, 10, 14, 0, 0, 0.02, 01, 4, 6, 9, 1, 4, 6, 9, 3, 9, 2, 3, 2, 2, 1, 83, 2, 3, 1, 6, 0, 2, 0, 3, 1, 2, 9, 0, 4, 4, 9, 7, 3, 29, 400, 000000, 100, 0, 0, 0, 20, 0, 01, 4, 6, 9, 1, 4, 6, 9, 4, 1, 2, 20, 20, 1, 20, 20, 20, 0, 0, 0, 0, 100, 0, 0, 0, 100, 1, 2, 2, 2, 2, 2, 2, 1, 1, 0, 0, 0, 0, 100, 20, 20, 0, 0, 0, 0, 100, 0, 0, 0, 100, 483, 000000, 16, 24, 0, 0, 0, 0, 0, 0, 0, 0, 0, 0, 0, 0, 600, 16, 24, 280, 8, 0, 0.02, 01, 4, 6, 9, 1, 4, 6, 9, 5, 0078, 4, 0078, 4, 0078, 4, 600, 0078, 4, 600, 160, 18, 0, 0, 0, 0, 0, 0, 0, 0, 0, 0, 0, 0, 0, 600, 16, 24, 280, 8, 0, 0.02, 01, 4, 6, 9, 1, 4, 6, 9, 6, 0078, 4, 0078, 4, 0078, 4, 600, 0078, 4, 600, 160, 20, 20, 0, 0, 0, 0, 100, 0, 0, 0, 100, 1, 2, 2, 2, 2, 2, 2, 1, 1, 0, 0, 0, 0, 100, 40, 0, 0, 0, 0, 100, 000000, 600, 32, 40, 0.02, 0, 0, 1, 20, 0, 0, 0, 0, 100, 20, 000000, 16, 24, 0.02, 01, 4, 6, 9, 1, 4, 6, 9, 7, 0078, 4, 12, 01, 4, 6, 9, 1, 4, 6, 9, 8, 0078, 4, 55, 0, 0, 0, 100, 0, 0, 0, 0, 0, 0, 0, 0, 0, 0, 0, 0, 100, 2, 600, 18, 24, 8, 20, 100, 1, 0078, 4, 0078, 4, 01, 4, 6, 9, 1, 4, 6, 9, 9, 9, 0, 5, 3, 00, 2, 1, 4, 6, 5, 0, 0, 988, 600, 40, 0, 0, 0, 0, 100, 0, 0, 0, 100, 1, 2, 2, 2, 2, 2, 2, 1, 1, 0, 0, 0, 0, 100, 40, 0, 0, 0, 0, 100, 000000, 600, 21, 28, 0.02, 0, 0, 2, 20, 20, 0, 0, 0, 100, 20, 000000, 16, 24, 0.02, 12, 12, 12, 55, 01, 4, 6, 9, 1, 4, 6, 9, 0078, 4, 20, 0, 0, 0, 0, 100, 0, 0, 0, 100, 1, 2, 2, 2, 2, 2, 2, 1, 1, 0, 100, 0, 0, 0, 20, 0, 100, 0, 0, 0, 000000, 600, 21, 28, 0.02, 0, 0, 3, 20, 0, 0, 0, 0, 0, 0, 0, 01, 4, 6, 9, 1, 4, 6, 9, 40, 1, 2, 1, 20, 20, 0, 01, 4, 6, 9, 1, 4, 6, 9, 40, 1, 2, 1, 20, 0, 0, 0, 0, 100, 0, 0, 0, 100, 1, 2, 2, 2, 2, 2, 2, 1, 1, 0, 0, 0, 0, 100, 40, 0, 0, 0, 0, 100, 0, 0, 0, 100, 147, 000000, 0, 0, 0, 100, 600, 16, 24, 5, 0, 5, 0, 01, 4, 6, 9, 1, 4, 6, 9, 0078, 4, 0078, 4, 600, 0078, 4, 600, 4, 20, 0, 147, 000000, 0, 0, 0, 100, 600, 16, 24, 5, 0, 5, 0, 01, 4, 6, 9, 1, 4, 6, 9, 0078, 4, 0078, 4, 600, 0078, 4, 600, 4, 20, 0, 147, 000000, 0, 0, 0, 100, 600, 16, 24, 5, 0, 5, 0, 01, 4, 6, 9, 1, 4, 6, 9, 0078, 4, 0078, 4, 600, 0078, 4, 600, 4, 20, 0, 147, 000000, 0, 0, 0, 100, 600, 16, 24, 5, 0, 5, 0, 01, 4, 6, 9, 1, 4, 6, 9, 0, 0078, 4, 0078, 4, 600, 0078, 4, 600, 40, 0, 0, 0, 0, 100, 0, 0, 0, 100, 1, 2, 2, 2, 2, 2, 2, 1, 1, 0, 100, 0, 0, 0, 20, 0, 000000, 600, 21, 28, 0.02, 0, 0, 3, 10, 0, 0, 0, 0, 0, 100, 10, 000000, 16, 24, 6473980, 187, 4, 50, 2, 94, 3, 00, 10, 0, 0, 0, 0, 0, 100, 20, 0, 0, 100, 0, 0, 0, 1, 2, 2, 2, 2, 2, 2, 1, 1, 0, 20, 0, 0, 0, 0, 0, 0, 0, 01, 4, 6, 9, 1, 4, 6, 9, 1, 1, 2, 20, 20, 1, 0, 31, 32, 12, 01, 4, 6, 9, 1, 4, 6, 208, 1, 20, 2, 1, 0, 31, 32, 12, 01, 4, 6, 9, 1, 4, 6, 209, 1, 2, 20, 20, 1, 0, 31, 32, 12, 01, 4, 6, 9, 1, 4, 6, 20, 1, 2, 20, 20, 1, 0, 31, 32, 20, 0, 100, 0, 0, 0, 1, 2, 2, 2, 2, 2, 2, 1, 1, 0, 20, 0, 0, 0, 0, 0, 100, 20, 0, 000000, 10, 14, 0.02, 0, 0, 0, 100, 20, 0, 000000, 10, 14, 0.02, 000000, 10, 14, 0.02, 01, 4, 6, 9, 1, 4, 6, 217, 0078, 4, 0, 01, 4, 6, 9, 1, 4, 6, 219, 0078, 4, 14, 0, 14, 0, 000000, 10, 14, 0.02, 01, 4, 6, 9, 1, 4, 6, 220, 0078, 4, 0, 01, 4, 6, 9, 1, 4, 6, 221, 0078, 4, 4, 0, 4, 0, 5, 0, 5, 0, 5, 0, 5, 0, 9, 000000, 10, 14, 0.02, 9, 000000, 10, 14, 0.02, 0, 0, 98052, 1, 0, 3, 1, 1, 1, 20, 0, 0, 0, 0, 100, 100, 14, 1, 2, 20, 20, 1, 20, 20, 30, 0, 1, 0, 0, 01, 4, 6, 9, 1, 1"
"Mon, 19 May 2025 04:54:06 +1000",predictivefinancialservices.com,,"12, 000.00, 6, 000.00, 12, 17, 20, 12, 000.00, 12, 17, 10, 6, 000.00, 120, 4.40, 7.00, 59, 345, 5.00, 7.50, 50, 510, 7.79, 7.34, 6, 37, 2.65, 4.00, 51, 100, 5, 500, 100, 5, 995, 41.45, 1995, 33.25, 995, 1995, 100, 100, 665, 7, 27, 2023, 11, 4575, 7, 28, 6.00, 6.00, 2.25, 3.45, 4575, 7, 28, 6.00, 30.00, 45.90, 665, 5, 050, 7, 50, 9, 2017, 37, 0.10, 16, 42.00, 0.10, 5.00, 10, 5.05, 6.00, 1, 000, 50, 050.00, 50, 5, 050, 7, 2, 062, 4, 2016, 136, 2.80, 13, 196.00, 2.80, 60.00, 13, 10, 13, 57.75, 20, 2, 062, 10, 54, 950.00, 30, 50, 2013, 100, 22, 995, 41.45, 1995, 33.25, 995, 1995, 100, 10, 100, 5, 500, 100, 5, 3, 202, 11, 1940, 1, 805, 708, 1765, 1800418, 7446, 805, 456, 0194, 222, 1395, 93102, 2019, 01, 0, 1, 20"
"Tue, 20 May 2025 03:33:21 +0000",guirguisaccounting.com,,2024
"Tue, 20 May 2025 09:35:58 +0000",microsoft.com,,"12, 40, 12, 90, 4, 3, 8, 4, 9905, 983, 641741, 3, 6, 7, 24, 2025, 24, 2025, 6473980, 187, 4, 50, 2, 94, 3, 00, 1, 243189, 521839, 243189, 521839, 98052"
"Tue, 20 May 2025 19:30:33 +0000",info.phideltatheta.org,ðŸ“£ Convention is one month away!,"26, 7, 8, 3, 7, 85, 1, 89, 5, 9, 7, 54, 3, 0, 00, 5, 3, 4, 4, 1, 9, 0, 8, 8, 5, 3, 740, 3, 7, 5, 3, 8, 7, 51, 9, 8, 7, 9, 5, 7, 1, 6, 8, 1, 26, 08, 3, 0, 5, 9, 85, 19, 22, 2025, 75, 2, 4, 9, 2, 8, 6, 6, 8, 3, 1, 8, 5, 009, 9, 5, 2, 3, 3, 0, 0588, 2, 3, 0, 3, 4, 3, 5, 8, 2, 5, 0, 30, 9, 7, 3, 6, 8, 3, 730, 9, 9, 7, 4, 5, 8, 8, 5, 3, 740, 3, 7, 5, 3, 8, 7, 51, 9, 5, 81, 4, 8, 2, 2, 2, 0, 5, 61, 6, 1, 2, 1, 23, 0, 6, 2, 9, 4, 4, 6, 9, 62, 0, 0, 8, 7, 5, 8, 9, 7, 6, 2, 8, 15, 4, 56, 5, 19, 2025, 22, 2025, 5, 0, 5, 59, 0, 2, 1, 23, 0, 6, 2, 9, 4, 4, 6, 9, 62, 0, 0, 8, 3, 6, 4, 64, 0, 9, 2, 0, 4, 0, 9, 0, 1, 8, 2, 0, 4, 1, 4, 2, 9, 8, 3, 4, 96, 6, 9, 5, 7, 3, 7, 5, 4, 5, 9, 5, 00, 26, 2025, 4, 00, 11, 00, 4, 6, 8, 2, 6, 7, 5, 54, 6, 3, 6, 8, 3, 9, 5, 3, 5, 7, 4, 9, 2, 1, 2, 9, 5, 4, 8, 2, 7, 3, 5, 7, 1, 4, 8, 1, 4, 2, 9, 8, 3, 0, 5, 5, 0, 44, 2, 0, 9, 9, 1, 8, 0, 3, 0, 6, 60, 20, 2, 20, 9, 9, 5, 8, 6, 5, 9, 0, 36343, 8, 6, 4, 9, 1, 6, 4, 83, 7, 9, 1, 8, 8, 5, 3, 740, 3, 7, 5, 3, 8, 7, 51, 9, 68, 22, 6, 1, 2, 1, 16, 4, 0, 3, 4, 4, 0, 1, 504, 05, 1, 13, 8, 5, 9, 0, 0, 3, 1, 6, 6, 9, 9, 2, 5, 9, 9, 7, 3, 5, 2, 1, 4, 7, 9, 2495, 4, 2, 8, 8, 48, 9, 8, 34, 4, 2, 3, 8, 9, 3, 9, 8, 7, 0, 2, 6, 3, 5, 8, 70, 2, 05, 4, 2, 2, 6, 4, 3, 7, 3, 9, 8, 8, 6, 7, 8, 68, 5, 7, 1, 7, 2, 77, 4, 1, 0, 9, 56, 0, 8, 8, 93, 0, 1, 7, 1, 7, 6, 2, 5, 9, 9, 4, 2, 1, 1, 90, 3, 3, 6, 31, 0, 61, 4, 5, 1, 0, 0, 3, 1, 6, 3, 1, 4, 3, 3, 4, 4, 2, 9, 099, 9, 9, 7, 0, 6, 6, 5, 25, 39, 6, 6, 5, 3, 6, 3, 50, 2, 91, 5, 6, 7, 2, 0, 3, 7, 53, 7, 3, 5, 7, 3, 9, 1, 6, 84, 4, 327, 8, 9, 962, 4, 06, 0, 5, 4, 86, 4, 11, 4, 4, 3, 3, 9, 8, 7, 1, 9, 1, 6, 4, 7, 92, 4, 94, 9, 0, 3, 6, 3, 3, 7, 3, 1, 3, 2, 0, 2, 1, 4, 6, 5, 4, 2, 5, 2, 6, 1, 8, 0, 2, 5, 8, 1, 37, 6, 57, 0, 4, 74, 9, 0, 1, 0, 6, 1, 7, 8, 8, 5, 6, 66, 9, 6, 8, 59, 8, 2, 7, 0, 0, 0, 9, 8, 3, 1, 0, 5, 4, 72, 1, 34, 7, 2, 5, 4, 3, 5, 9, 14, 4, 3, 1, 4, 54, 9, 7, 9, 4, 4, 6, 4, 80, 1, 6, 130, 486, 94, 5, 4, 7, 6, 068, 3, 95, 945, 4, 4, 38, 6, 9, 36, 6, 35, 7, 4, 3, 4, 4, 7, 4, 6, 0, 0, 4, 6, 0, 16, 0, 6, 5, 3, 2, 2, 1, 2, 4, 0, 5, 1, 2, 45056, 1801"
"Tue, 20 May 2025 22:36:41 +0000 (UTC)",accounts.epidemicsound.com,,
"Thu, 22 May 2025 07:05:27 -0700",reclaim.ai,,"2, 3, 04, 1, 113, 2, 3, 04, 997, 5, 7, 3, 7, 4, 5, 5, 63, 6, 3, 0, 7, 6, 3, 3, 3, 6, 6, 3, 1, 916, 8, 6, 3, 9, 2, 9, 4, 8, 5, 667, 55, 15, 4, 6, 8, 6, 45, 35, 9, 1, 2, 1, 7, 6, 3, 1, 38, 1, 3, 31, 4, 434, 1, 0, 3, 21, 7, 51, 5, 8, 7, 4, 7, 392, 2, 1, 1, 2, 1, 8, 78, 9, 826, 3, 5, 10, 7, 4, 8, 85, 04, 100, 2, 3, 04, 1, 113, 2, 3, 04, 997, 5, 7, 3, 7, 4, 5, 5, 63, 6, 5, 4, 50, 6, 3, 2, 6, 6, 7, 967, 71, 2, 2, 21, 2, 2, 4, 7, 3, 7, 3, 7, 3, 1, 2, 70, 4, 3, 61, 7, 0, 1, 5, 7, 2, 70, 8, 138, 6, 8, 3, 795, 18, 1, 1, 5, 55, 1, 99, 451, 1, 9, 8, 383, 2, 2, 8, 79, 157, 87, 3, 6, 463, 2, 7, 2, 2, 7, 3, 37, 59, 7, 6, 09, 1, 0, 7, 6, 5, 8, 70, 6, 39, 6, 1, 1, 90, 4, 3, 04, 1800, 22398006, 2, 30, 3, 6, 3, 5, 2, 1, 2, 43, 9, 3, 4, 2, 2, 5, 30, 3, 2, 4, 9, 2, 3, 3, 7, 4, 30, 2, 4, 2, 1, 4, 4, 8, 34, 5, 1, 2, 4, 2, 474253, 1, 53, 0, 3, 3, 2, 2, 2, 2, 49, 5, 32, 93, 5, 3, 463, 84, 7, 1, 24, 1, 2, 2, 4, 7, 4, 3, 1, 8, 237, 2, 6, 30, 7, 3, 3, 8, 3, 945, 38, 9, 2, 58, 3, 1, 6, 3, 8, 13, 0, 34, 3, 65, 3, 0, 1, 4, 3, 12, 237, 8130, 6, 41, 2, 41, 1, 5, 3, 3, 8, 1, 22, 3, 731, 9, 3, 4, 0, 1, 2, 2, 2, 3, 3, 2, 84, 3, 1, 43, 4, 2, 2, 2, 0, 2, 9, 7, 2, 1, 22, 45, 6, 7, 4, 362636663"
"Thu, 22 May 2025 21:08:01 +0000",stripe.com,,"59.00, 23, 2025, 3, 19, 6, 8, 9, 1, 2, 9, 84, 1, 3, 1, 5, 4, 3, 0200, 1, 2, 0, 5, 3, 4, 0, 6, 2, 5, 3, 7, 0, 76, 7, 5, 6, 7, 9, 0, 4, 2457, 8899, 651, 1, 0007, 1238, 2457, 8899, 23, 23, 2025, 100, 1, 59.00, 59.00, 59.00"
"Sun, 25 May 2025 08:31:13 +1000",predictivefinancialservices.com,,"12, 000.00, 6, 000.00, 12, 17, 20, 12, 000.00, 12, 17, 10, 6, 000.00, 120, 4.40, 7.00, 59, 345, 5.00, 7.50, 50, 510, 7.79, 7.34, 6, 37, 2.65, 4.00, 51, 100, 5, 500, 100, 5, 995, 41.45, 1995, 33.25, 995, 1995, 100, 100, 665, 7, 27, 2023, 11, 4575, 7, 28, 6.00, 6.00, 2.25, 3.45, 4575, 7, 28, 6.00, 30.00, 45.90, 665, 5, 050, 7, 50, 9, 2017, 37, 0.10, 16, 42.00, 0.10, 5.00, 10, 5.05, 6.00, 1, 000, 50, 050.00, 50, 5, 050, 7, 2, 062, 4, 2016, 136, 2.80, 13, 196.00, 2.80, 60.00, 13, 10, 13, 57.75, 20, 2, 062, 10, 54, 950.00, 30, 50, 2013, 100, 22, 995, 41.45, 1995, 33.25, 995, 1995, 100, 10, 100, 5, 500, 100, 5, 3, 202, 11, 1940, 1, 805, 708, 1765, 1800418, 7446, 805, 456, 0194, 222, 1395, 93102, 2019, 01, 0, 1, 20"
"Sun, 25 May 2025 09:35:58 +0000",microsoft.com,,"24, 2025, 24, 2025, 12, 40, 12, 90, 4, 3, 8, 4, 9905, 983, 641741, 3, 6, 7, 24, 2025, 24, 2025, 6473980, 187, 4, 50, 2, 94, 3, 00, 1, 243189, 521839, 243189, 521839, 98052"
"Mon, 26 May 2025 08:31:09 +1000",predictivefinancialservices.com,,"12, 000.00, 6, 000.00, 12, 17, 20, 12, 000.00, 12, 17, 10, 6, 000.00, 120, 4.40, 7.00, 59, 345, 5.00, 7.50, 50, 510, 7.79, 7.34, 6, 37, 2.65, 4.00, 51, 100, 5, 500, 100, 5, 995, 41.45, 1995, 33.25, 995, 1995, 100, 100, 665, 7, 27, 2023, 11, 4575, 7, 28, 6.00, 6.00, 2.25, 3.45, 4575, 7, 28, 6.00, 30.00, 45.90, 665, 5, 050, 7, 50, 9, 2017, 37, 0.10, 16, 42.00, 0.10, 5.00, 10, 5.05, 6.00, 1, 000, 50, 050.00, 50, 5, 050, 7, 2, 062, 4, 2016, 136, 2.80, 13, 196.00, 2.80, 60.00, 13, 10, 13, 57.75, 20, 2, 062, 10, 54, 950.00, 30, 50, 2013, 100, 22, 995, 41.45, 1995, 33.25, 995, 1995, 100, 10, 100, 5, 500, 100, 5, 3, 202, 11, 1940, 1, 805, 708, 1765, 1800418, 7446, 805, 456, 0194, 222, 1395, 93102, 2019, 01, 0, 1, 19"
"Sun, 25 May 2025 22:36:41 +0000 (UTC)",accounts.epidemicsound.com,,
"Tue, 27 May 2025 05:54:06 +1000",predictivefinancialservices.com,,"12, 000.00, 6, 000.00, 12, 17, 20, 12, 000.00, 12, 17, 10, 6, 000.00, 120, 4.40, 7.00, 59, 345, 5.00, 7.50, 50, 510, 7.79, 7.34, 6, 37, 2.65, 4.00, 51, 100, 5, 500, 100, 5, 995, 41.45, 1995, 33.25, 995, 1995, 100, 100, 665, 7, 27, 2023, 11, 4575, 7, 28, 6.00, 6.00, 2.25, 3.45, 4575, 7, 28, 6.00, 30.00, 45.90, 665, 5, 050, 7, 50, 9, 2017, 37, 0.10, 16, 42.00, 0.10, 5.00, 10, 5.05, 6.00, 1, 000, 50, 050.00, 50, 5, 050, 7, 2, 062, 4, 2016, 136, 2.80, 13, 196.00, 2.80, 60.00, 13, 10, 13, 57.75, 20, 2, 062, 10, 54, 950.00, 30, 50, 2013, 100, 22, 995, 41.45, 1995, 33.25, 995, 1995, 100, 10, 100, 5, 500, 100, 5, 3, 202, 11, 1940, 1, 805, 708, 1765, 1800418, 7446, 805, 456, 0194, 222, 1395, 93102, 2019, 01, 0, 1, 19"
"Mon, 26 May 2025 20:30:09 +0000",epsteinlaw.ca,,"3500, 001, 01, 5, 4, 2, 1820, 235, 3, 1, 8, 905, 898, 2266, 223, 905, 898, 2266, 20, 223, 905, 898, 2216, 905, 898, 2266, 130448, 918, 4844, 8, 9196, 5, 09, 78656, 47, 9, 604, 17, 977, 043208, 21, 804, 2, 8, 3, 4, 9, 26, 8394817, 4"
"Mon, 26 May 2025 20:36:07 +0000",epsteinlaw.ca,,"001, 01, 5, 473, 00, 905, 898, 2266, 905, 898, 2266, 20, 278, 905, 898, 2216, 5045, 7, 400, 235, 3, 1, 8, 905, 898, 2266, 24, 26, 2025, 11, 51, 25, 00001087, 0000, 905, 540, 3272, 905, 5403280, 3211, 26, 2025, 11, 31, 001, 905, 898, 2266, 905, 898, 2266, 20, 278, 905, 898, 2216, 5045, 7, 400, 235, 3, 1, 8, 905, 898, 2266, 24, 24, 26, 2025, 11, 22, 002"
"Mon, 26 May 2025 23:39:29 -0400",runpod.io,,"1739491068919, 2025, 02, 13, 3.57, 30, 01, 0, 0, 6, 2, 59, 2, 9, 04, 1, 113, 2, 9, 04, 9566, 57, 75239, 8, 5, 34, 97, 0, 3, 6, 1, 6, 3, 66, 51, 4, 34, 2, 17, 2, 8, 0153, 2, 2, 6, 89, 5, 245, 3, 220, 7, 1, 61, 7, 6, 8, 7, 2, 1, 8, 14, 6, 7, 9, 6, 83, 2, 4, 4, 6, 9, 1, 2, 406, 70, 978, 2, 8, 7, 6, 2, 1, 21, 5, 3, 6, 7, 8, 04, 53, 2, 9, 04, 1, 113, 2, 9, 04, 9566, 57, 75239, 8, 5, 34, 97, 0, 3, 6, 1, 6, 3, 66, 51, 4, 34, 2, 17, 2, 8, 0153, 2, 2, 6, 89, 5, 245, 3, 220, 7, 1, 61, 7, 6, 8, 7, 2, 1, 8, 14, 6, 7, 9, 6, 83, 2, 4, 4, 6, 9, 1, 2, 406, 70, 978, 2, 8, 7, 6, 2, 1, 21, 5, 3, 6, 7, 8, 04, 1073714227, 2, 2, 9, 04, 1, 113, 2, 9, 04, 9566, 57, 75239, 8, 5, 34, 97, 0, 3, 6, 1, 6, 3, 7, 7, 4, 61, 1, 7, 6, 2, 7, 4, 2, 39, 5, 7, 3, 36, 2, 6, 80, 16, 7, 3, 9, 7, 7, 48, 6, 3, 73, 4, 4, 5, 6, 2, 8, 6, 8, 0, 2, 20, 95, 3, 6, 6, 1, 8, 6, 1, 76, 6, 4, 2, 4, 34, 6, 1, 2, 45, 5, 0, 7, 1, 8, 6, 66, 04, 285, 8, 5, 612, 4, 07, 811, 3706, 79, 819, 01, 7, 8, 2, 2, 3, 6, 1, 2, 9, 04, 1, 113, 2, 9, 04, 9566, 57, 75239, 8, 5, 34, 97, 0, 3, 6, 1, 6, 3, 2, 8, 5, 5, 8, 42, 3, 9, 2, 1, 2, 4, 16, 8, 2, 6, 2, 837, 5, 61, 2, 1, 6, 6, 7, 53, 55, 266, 1, 2, 6, 7, 049, 0, 8, 5, 1, 3, 5, 7, 2, 47, 755, 1, 2, 278, 0, 7, 2, 7, 1, 4, 67, 1, 1, 68, 1, 5, 4, 604, 1741985493522, 1, 01, 6, 3, 9, 4, 8, 1, 2, 9, 04, 1, 113, 2, 9, 04, 9566, 57, 75239, 8, 5, 34, 97, 0, 3, 7, 8, 6, 3, 7, 9, 76, 7, 45, 7, 2, 3, 3, 8, 2, 7, 2, 4, 908, 3, 8, 4, 7, 9, 3, 6, 9, 3, 7, 8, 32, 6, 3, 5, 0, 3, 7, 2, 3, 1, 89, 95, 6, 8, 4, 7, 1, 1, 5, 4, 7, 328, 9, 4, 4, 8, 9, 3, 81, 2, 2, 4, 1, 828, 8, 9, 7, 7, 3, 3, 8, 1, 2, 6, 8, 5, 47, 8, 7, 9, 6, 1, 2, 0, 7, 004, 1741985658895, 01, 6, 221, 5, 1, 2, 9, 04, 1, 113, 2, 9, 04, 9566, 57, 75239, 8, 5, 34, 97, 0, 3, 6, 1, 6, 3, 7, 7, 875, 6, 4, 36, 1, 2, 8, 5, 4, 4, 3, 6, 1, 26931, 1, 6, 3, 6, 7, 0, 55, 2, 97, 9, 5, 3, 16, 4, 9, 4, 4, 9, 6, 0, 8, 762, 2, 53, 8, 83, 9, 1, 90, 6, 1, 5, 2, 1, 2, 4, 6, 06, 9, 1, 89, 97, 5, 6, 91, 2, 407, 3, 1, 404, 1741985485779, 01, 6, 508, 5, 4, 79, 73, 1, 2, 9, 04, 1, 113, 2, 9, 04, 9566, 57, 75239, 8, 5, 34, 97, 0, 3, 7, 8, 6, 3, 5, 7, 10, 5, 3, 31, 4, 3, 3, 7, 1, 3, 3, 3, 3, 97, 91, 8, 6, 2, 48, 32, 7, 5, 90, 6, 6, 2, 2, 6, 9, 2, 6, 2, 3, 7, 6, 1, 84, 4, 3, 6, 6, 7, 7, 7, 4, 6, 5, 5, 8, 4, 94, 8, 0, 125, 8, 8, 25, 9, 6, 7, 7, 33, 53, 2, 5, 4, 6, 3, 93, 2, 8, 5, 8, 6, 24004, 1741985481691, 1, 01, 6, 10, 9, 0, 6, 7, 7, 3, 1, 2, 9, 04, 1, 113, 2, 9, 04, 9566, 57, 75239, 8, 5, 34, 97, 0, 3, 6, 1, 6, 3, 4, 5, 47, 6, 13, 4, 4, 6, 94, 3, 1, 98, 8, 6, 4, 107, 5, 7, 33, 4, 79, 6, 6, 79, 4, 3, 7, 2, 87, 87, 5, 2822, 5, 6, 8, 10, 31, 8, 48, 8, 2, 4, 5, 37, 3, 15, 66, 34, 8, 33, 3, 1, 4, 518, 5, 98, 09, 7, 2, 4, 8, 7, 7, 67, 04, 2, 9, 04, 1, 113, 2, 9, 04, 9566, 57, 75239, 8, 5, 34, 97, 0, 3, 7, 8, 6, 3, 1, 366, 79, 7, 5, 3, 2, 2, 69, 1, 7, 1, 1, 5, 3, 3, 1, 8, 4, 1, 7, 8, 7, 3, 1, 3, 6, 64, 8, 50, 1, 5, 8, 11, 8, 8, 92, 1, 37, 2, 7, 4, 2, 8, 7, 8, 7, 54, 8, 881, 9, 5, 7, 77, 2, 4, 4, 5, 28, 7, 1, 7, 2, 2, 3, 5, 2, 20, 55, 5, 5, 43, 9, 1, 8, 12, 7, 2, 3, 91, 04, 1181, 1158, 08057, 24119306, 2, 30, 2, 2, 4, 3, 1, 1, 3, 4, 1, 2, 4, 6, 38, 4, 81, 4, 5, 3, 0, 4, 2, 232, 2, 893, 2, 3, 3, 32, 7, 4, 663, 32, 5, 3, 2, 43, 5, 2, 0, 32, 1, 3, 4, 34, 9, 3, 41, 21, 1, 01, 3, 9, 1, 7, 1, 6, 3, 13, 23, 6, 93, 0, 3, 38, 9, 3, 8, 3, 30, 30, 3, 4, 52, 4, 1, 05, 3, 8, 38, 11, 4, 2, 1, 4, 3, 3, 45, 4, 4, 3, 8, 3, 1, 2, 6, 1, 1, 2, 4, 4, 2, 1, 3, 30, 1, 28, 2, 46, 1, 1, 94, 45, 02, 1, 32, 31, 2, 43, 1, 7, 345, 7, 3, 4, 2, 38, 949, 4, 3, 3, 5, 47, 9, 3, 34, 5, 0, 2, 73, 1, 5, 3, 0, 5, 56, 6, 8, 1, 8, 355784960, 24119306, 2, 30, 2, 2, 4, 3, 1, 1, 3, 4, 1, 2, 4, 6, 38, 4, 81, 4, 5, 3, 0, 4, 2, 232, 2, 893, 2, 3, 3, 32, 7, 4, 663, 32, 5, 3, 2, 43, 5, 2, 0, 32, 1, 3, 4, 34, 9, 3, 41, 21, 1, 01, 3, 9, 1, 7, 1, 6, 3, 13, 23, 6, 93, 0, 3, 38, 9, 3, 8, 3, 30, 30, 3, 4, 52, 4, 1, 05, 3, 8, 38, 11, 4, 2, 1, 4, 3, 3, 45, 4, 4, 3, 8, 3, 1, 2, 6, 1, 1, 2, 4, 4, 2, 1, 3, 30, 1, 28, 2, 46, 1, 1, 94, 45, 02, 1, 32, 31, 2, 43, 1, 7, 345, 7, 3, 4, 2, 38, 949, 4, 3, 3, 5, 47, 9, 3, 34, 5, 0, 2, 73, 1, 5, 3, 0, 5, 56, 6, 8, 1, 8, 355784960"
"Wed, 28 May 2025 14:42:14 +0000",epsteinlaw.ca,,"001, 01, 0, 12, 0, 905, 898, 2266, 905, 898, 2266, 20, 278, 905, 898, 2216, 5045, 7, 400, 235, 3, 1, 8, 905, 898, 2266, 24, 26, 2025, 5, 01, 6, 2200, 4, 5, 3, 26, 2025, 4, 36, 001, 905, 898, 2266, 905, 898, 2266, 20, 278, 905, 898, 2216, 5045, 7, 400, 235, 3, 1, 8, 905, 898, 2266, 24, 24, 26, 2025, 11, 51, 25, 00001087, 0000, 905, 540, 3272, 905, 5403280, 3211, 26, 2025, 11, 31, 001, 905, 898, 2266, 905, 898, 2266, 20, 278, 905, 898, 2216, 5045, 7, 400, 235, 3, 1, 8, 905, 898, 2266, 24, 24, 26, 2025, 11, 22, 002"
"Wed, 28 May 2025 17:08:16 +0000",epsteinlaw.ca,,"1, 2, 3, 4, 5, 6, 10, 15, 8, 001, 01, 0, 12, 0, 905, 898, 2266, 905, 898, 2266, 20, 278, 905, 898, 2216, 5045, 7, 400, 235, 3, 1, 8, 905, 898, 2266, 28, 2025, 10, 42, 24, 001, 01, 0, 12, 0, 905, 898, 2266, 905, 898, 2266, 20, 278, 905, 898, 2216, 5045, 7, 400, 235, 3, 1, 8, 905, 898, 2266, 24, 24, 26, 2025, 5, 01, 6, 2200, 4, 5, 3, 26, 2025, 4, 36, 001, 905, 898, 2266, 905, 898, 2266, 20, 278, 905, 898, 2216, 5045, 7, 400, 235, 3, 1, 8, 905, 898, 2266, 24, 24, 26, 2025, 11, 51, 25, 00001087, 0000, 905, 540, 3272, 905, 5403280, 3211, 26, 2025, 11, 31, 001, 905, 898, 2266, 905, 898, 2266, 20, 278, 905, 898, 2216, 5045, 7, 400, 235, 3, 1, 8, 905, 898, 2266, 24, 24, 26, 2025, 11, 22, 002, 130448, 918, 4844, 8, 9196, 5, 09, 78656, 47, 9, 604, 17, 977, 043208, 2, 40, 5, 7, 97, 4, 13, 80, 0, 56, 370031"
"Wed, 28 May 2025 20:15:29 +0000",godaddy.com,,"3, 1, 0, 3, 1, 1, 3, 1999, 8, 1, 0, 3765311581, 0, 0, 0, 0, 100, 100, 0, 0, 100, 100, 100, 0, 100, 100, 14, 0, 0, 16, 0, 0, 4, 6, 0, 2018, 1, 18, 0, 21, 2, 14, 0, 14, 3, 10, 0, 10, 2018, 0, 09757, 111111, 365, 365, 6, 4, 5, 0, 4, 2, 2, 6, 4, 5, 0, 4, 2, 2, 900, 2, 2, 400, 2, 2, 700, 1, 1, 3, 1, 1, 3, 2, 2, 2, 1, 1, 3, 1, 1, 3, 400, 1, 1, 0, 2, 2, 1, 1, 0, 1, 1, 0, 0, 0, 0, 0, 500, 2, 26, 36, 0, 36, 46, 1, 29, 39, 2, 23, 33, 3, 21, 31, 1, 21, 31, 2, 18, 28, 2019, 0, 18, 16, 1, 14, 14, 2, 12, 10, 1, 4, 2, 4, 2019, 100, 100, 100, 0, 14, 21, 100, 16, 20, 0, 0, 16, 20, 100, 0, 1024, 9, 9, 96, 0, 0, 0, 0, 0, 2371, 2, 20, 1, 40, 4, 6, 6, 066, 860, 08, 1, 6745147954, 730, 5257, 9, 5, 0, 445, 7, 843179, 2, 14, 730, 1, 1, 0, 0, 0, 1, 1, 50, 50, 5, 5257, 9, 5, 0, 445, 7, 843179, 2, 14, 730, 1, 1, 0, 0, 0, 1, 1, 100, 100, 100, 100, 0, 0, 5, 5, 5, 100, 0, 0, 5, 5, 5, 0, 0, 0, 0, 0, 5, 5, 5, 0, 100, 5, 5, 5, 0, 0, 0, 0, 5, 5, 5, 100, 0, 5, 5, 5, 5, 5, 5, 0, 0, 20, 20, 5, 5, 5, 5, 5, 5, 100, 1, 1, 6, 0, 0, 0, 100, 0, 0, 0, 5, 5, 5, 5, 5, 5, 5, 5, 5, 0, 0, 0, 0, 640, 0, 0, 0, 0, 9, 640, 0, 0, 0, 0, 0, 0, 0, 0, 0, 0, 100, 111, 10, 0, 20, 0, 0, 0, 0, 100, 174, 10, 0, 0, 0, 100, 0, 0, 0, 0, 0, 0, 16, 6, 5, 730, 3, 2, 2, 3, 3, 730, 26, 3, 26, 3, 26, 3, 26, 3, 250528, 730, 730, 6, 5, 1, 60, 0, 74, 4835, 45, 9, 68, 85, 88518, 01, 316, 76, 160, 40, 0, 111111, 12, 0, 10, 0, 0, 0, 100, 0, 0, 0, 0, 0, 0, 20, 0, 0, 13, 21, 6, 2, 4, 730, 3, 2, 2, 2, 3, 3, 730, 26, 3, 26, 3, 26, 3, 26, 3, 250528, 730, 730, 6, 2, 4, 09757, 642157037, 9, 100, 0, 0, 0, 5, 5, 5, 5, 5, 5, 0, 0, 600, 0, 0, 20, 20, 9, 600, 0, 00, 4, 6, 0, 0, 0, 0, 0, 09757, 0, 100, 600, 0, 0, 0, 0, 100, 0, 09757, 60, 60, 0, 40, 0, 3, 3, 730, 3, 2, 2, 3, 3, 730, 26, 3, 26, 3, 26, 3, 26, 3, 250528, 730, 730, 3, 3, 3, 001, 600, 20, 0, 60, 0, 10, 40, 100, 21, 31, 1, 741, 0, 730, 3, 2, 2, 3, 3, 730, 26, 3, 26, 3, 26, 3, 26, 3, 250528, 730, 730, 1, 741, 0, 09757, 9, 100, 0, 0, 0, 5, 5, 5, 5, 5, 5, 5, 5, 5, 0, 0, 0, 0, 600, 0, 0, 20, 20, 9, 600, 0, 0, 0, 0, 0, 0, 0, 100, 0, 0, 0, 111, 10, 0, 40, 40, 36, 46, 2, 3, 1, 730, 3, 2, 2, 2, 3, 3, 730, 26, 3, 26, 3, 26, 3, 26, 3, 250528, 730, 730, 2, 3, 1, 111, 9, 100, 0, 0, 0, 5, 5, 5, 5, 5, 5, 5, 5, 5, 0, 0, 0, 0, 600, 0, 0, 20, 20, 9, 600, 0, 0, 0, 0, 0, 0, 0, 100, 0, 0, 0, 111111, 20, 0, 40, 40, 0, 0, 0, 100, 0, 0, 0, 0, 1, 0, 0, 100, 0, 0, 0, 40, 0, 0, 0, 0, 0, 0, 0, 0, 6, 6, 6, 6, 1, 1, 1, 0, 0, 14, 24, 20, 0, 0, 0, 0, 0, 0, 0, 0, 6, 6, 6, 6, 1, 1, 1, 0, 0, 14, 24, 20, 0, 0, 0, 0, 0, 0, 0, 0, 6, 6, 6, 6, 1, 1, 1, 0, 0, 14, 24, 20, 0, 0, 0, 0, 0, 0, 0, 0, 6, 6, 6, 6, 1, 1, 1, 1, 0, 0, 14, 24, 6, 6, 6, 6, 0, 0, 1, 1, 0, 0, 14, 24, 111, 0, 0, 100, 0, 0, 0, 6, 10, 2, 2, 2, 8, 1, 4, 0, 730, 3, 2, 2, 2, 2, 0.91, 2, 3, 3, 730, 26, 3, 26, 3, 26, 3, 26, 3, 250528, 730, 730, 2, 8, 1, 4, 0, 09757, 11, 0.91, 6, 6, 6, 6, 0, 0, 1, 1, 0, 0, 14, 24, 111, 1, 6, 6, 6, 6, 0, 0, 1, 1, 0, 0, 14, 24, 111, 1, 10, 10, 6, 2, 0, 0, 1, 1, 1, 0, 0, 14, 24, 111, 16.99, 2, 5, 5, 5, 6, 0, 0, 1, 0, 0, 14, 24, 444, 2, 5, 5, 5, 6, 6, 0, 0, 1, 0, 0, 14, 24, 444, 16.99, 2, 5, 5, 5, 6, 0, 0, 1, 0, 0, 14, 24, 444, 2, 5, 5, 5, 6, 6, 0, 0, 1, 0, 0, 14, 24, 444, 2.21, 2, 5, 5, 5, 6, 0, 0, 1, 0, 0, 14, 24, 444, 2, 5, 5, 5, 6, 6, 0, 0, 1, 0, 0, 14, 24, 444, 19.20, 9, 100, 0, 0, 0, 5, 5, 5, 5, 5, 5, 5, 5, 5, 0, 0, 0, 0, 600, 0, 0, 20, 20, 9, 600, 0, 0, 0, 0, 0, 0, 0, 100, 0, 0, 0, 111111, 40, 0, 40, 40, 0, 0, 0, 100, 0, 0, 0, 0, 0, 0, 0, 09757, 1, 09757, 16, 20, 6, 09757, 6, 4, 7, 8, 730, 3, 2, 2, 2, 3, 3, 730, 26, 3, 26, 3, 26, 3, 26, 3, 250528, 730, 730, 6, 4, 7, 8, 09757, 20, 09757, 20, 09757, 40, 09757, 40, 09757, 6, 0, 0, 1, 1, 6, 903, 2, 4, 0, 9096, 7, 498, 64, 34, 16, 0, 0, 9, 100, 0, 0, 0, 5, 5, 5, 5, 5, 5, 5, 5, 5, 0, 0, 0, 0, 600, 0, 0, 20, 20, 9, 600, 0, 0, 0, 0, 0, 0, 0, 100, 0, 0, 0, 111, 40, 0, 40, 40, 0, 0, 14, 24, 38, 19.20, 9, 100, 0, 0, 0, 5, 5, 5, 5, 5, 5, 5, 5, 5, 0, 0, 0, 0, 600, 0, 0, 20, 20, 9, 600, 0, 0, 0, 0, 0, 0, 0, 100, 0, 0, 0, 111, 20, 0, 40, 40, 0, 0, 14, 24, 6, 4, 9, 1, 730, 3, 2, 2, 2, 3, 3, 730, 26, 3, 26, 3, 26, 3, 26, 3, 250528, 730, 730, 6, 4, 9, 1, 09757, 9, 100, 0, 0, 0, 5, 5, 5, 5, 5, 5, 5, 5, 5, 0, 0, 0, 0, 600, 0, 0, 20, 20, 9, 600, 0, 0, 0, 0, 0, 0, 0, 100, 0, 0, 0, 111, 20, 0, 40, 40, 0, 0, 14, 24, 1, 9, 100, 0, 0, 0, 5, 5, 5, 5, 5, 5, 0, 0, 0, 0, 5, 5, 5, 600, 0, 0, 20, 20, 9, 600, 0, 0, 0, 0, 0, 0, 0, 100, 0, 0, 0, 60, 0, 0, 40, 40, 9, 100, 0, 0, 0, 5, 5, 5, 5, 5, 5, 0, 0, 600, 0, 0, 20, 20, 9, 600, 0, 111, 0, 0, 0, 0, 5, 5, 5, 0, 111, 0, 100, 600, 0, 0, 0, 0, 100, 0, 111, 40, 0, 40, 40, 5, 5, 5, 100, 0, 0, 0, 4, 9, 100, 0, 0, 0, 5, 5, 5, 5, 5, 5, 5, 5, 5, 0, 0, 0, 0, 600, 0, 0, 20, 20, 9, 600, 0, 0, 0, 0, 0, 0, 0, 100, 0, 0, 0, 767676, 10, 0, 0, 0, 0, 0, 12, 22, 7, 15, 7, 8, 730, 3, 2, 2, 2, 2, 2, 3, 3, 730, 26, 3, 26, 3, 26, 3, 26, 3, 250528, 730, 730, 7, 15, 7, 8, 09757, 5, 6, 4, 730, 3, 2, 2, 2, 2, 2, 3, 3, 730, 26, 3, 26, 3, 26, 3, 26, 3, 250528, 730, 730, 5, 6, 4, 09757, 44, 0, 1, 8, 74, 730, 3, 2, 2, 2, 2, 3, 3, 730, 26, 3, 26, 3, 26, 3, 26, 3, 250528, 730, 730, 44, 0, 1, 8, 74, 09757, 4, 3, 4, 6, 730, 3, 2, 2, 2, 2, 2, 3, 3, 730, 26, 3, 26, 3, 26, 3, 26, 3, 250528, 730, 730, 4, 3, 4, 6, 09757, 4, 1, 2, 4, 8, 3, 9, 730, 3, 2, 2, 2, 3, 3, 730, 26, 3, 26, 3, 26, 3, 26, 3, 250528, 730, 730, 4, 1, 2, 4, 8, 3, 9, 09757, 9, 100, 0, 0, 0, 5, 5, 5, 5, 5, 5, 5, 5, 5, 0, 0, 0, 0, 600, 0, 0, 20, 20, 9, 600, 0, 0, 0, 0, 0, 0, 0, 100, 0, 0, 0, 767676, 10, 0, 0, 0, 0, 0, 12, 22, 9, 1, 9, 2, 730, 12, 19, 3, 2, 2, 2, 2, 2, 3, 3, 730, 26, 3, 26, 3, 26, 3, 26, 3, 250528, 730, 730, 1, 9, 2, 09757, 3, 5, 1, 730, 12, 19, 3, 2, 2, 3, 3, 730, 26, 3, 26, 3, 26, 3, 26, 3, 250528, 730, 730, 3, 5, 1, 09757, 3, 19, 730, 12, 19, 3, 2, 2, 2, 3, 3, 730, 26, 3, 26, 3, 26, 3, 26, 3, 250528, 730, 730, 3, 19, 09757, 9, 100, 0, 0, 0, 5, 5, 5, 5, 5, 5, 5, 5, 5, 0, 0, 0, 0, 600, 0, 0, 20, 20, 9, 600, 0, 0, 0, 0, 0, 0, 0, 100, 0, 0, 0, 767676, 10, 0, 0, 0, 0, 0, 12, 22, 9, 100, 0, 0, 0, 5, 5, 5, 5, 5, 5, 5, 5, 5, 0, 0, 0, 0, 600, 0, 0, 20, 20, 9, 600, 0, 0, 0, 0, 0, 0, 0, 100, 0, 0, 0, 767676, 10, 0, 0, 0, 0, 0, 12, 22, 1999, 2025, 100, 1600, 85281, 9, 100, 0, 0, 0, 5, 5, 5, 5, 5, 5, 0, 0, 600, 0, 0, 20, 20, 9, 600, 0, 111, 0, 0, 0, 0, 5, 5, 5, 0, 111, 0, 100, 600, 0, 0, 0, 0, 100, 0, 111, 25, 0, 40, 40, 5, 5, 5, 100, 0, 0, 0, 4, 9, 100, 0, 0, 0, 5, 5, 5, 5, 5, 5, 0, 0, 600, 0, 0, 20, 20, 9, 600, 0, 111, 0, 0, 0, 0, 5, 5, 5, 0, 111, 0, 100, 600, 0, 0, 0, 0, 100, 0, 111, 20, 0, 40, 40, 5, 5, 5, 100, 0, 0, 0, 4, 9, 100, 0, 0, 0, 5, 5, 5, 5, 5, 5, 0, 0, 600, 0, 0, 20, 20, 9, 600, 0, 767676, 0, 0, 0, 0, 0, 767676, 0, 100, 600, 0, 0, 0, 0, 100, 0, 767676, 0, 15, 0, 0, 5, 5, 5, 100, 0, 0, 12, 22, 6745147954, 9"
"Wed, 28 May 2025 21:08:21 +0000",stripe.com,,"1284, 0543, 20.00, 28, 2025, 2, 05, 47, 1238, 20.00, 20.00, 2, 0, 2, 8, 5, 4, 1, 1, 0, 6, 4, 0"
"Wed, 28 May 2025 14:47:15 -0500 (CDT)",info.digitalocean.com,,"2025, 2025, 2025, 100, 90, 2025, 2025, 2025, 99.95, 2025, 99.95, 2025, 2025, 2025, 2025, 2025, 4000, 6000, 2025, 4000, 6000, 40, 1, 4000, 6000, 2025, 4, 6, 2025, 11, 4, 2025, 18, 2025, 25, 2, 2025, 7, 2025, 2025, 7, 6, 4, 5, 6, 3, 2025, 4, 2025, 2025, 2025, 2025, 2025, 2025, 2025, 2025, 2025, 100, 10, 90, 2025, 1, 2025, 1, 2025, 1, 2025, 3, 7, 5, 76, 2025, 2025, 2025, 53, 0, 2025, 2025, 2025, 2025, 200, 25, 2025, 2025, 105, 425, 80021, 24, 1, 0, 2, 3, 7, 1, 3, 5, 7, 8, 4, 6, 9, 0, 1, 4, 8"
"Wed, 28 May 2025 16:15:25 -0700",google.com,"Peter, hereâ€™s how Google helps you get more done","301356232, 322, 0, 1, 9008, 8, 301356232, 322, 0, 1, 9008, 8, 5, 3, 7, 3, 6, 219, 5, 2, 8, 8, 8, 5, 7, 5, 4, 8, 7, 6, 9, 51, 2, 6, 5, 0, 2, 7, 3, 64, 3, 6, 1, 1, 5, 8, 2, 4, 8, 4, 5, 0, 3, 5, 2, 4, 6, 9, 1, 9, 75, 1, 6, 5, 807, 9, 3, 9, 1, 5, 0, 1, 8, 8, 5, 6, 3, 9, 60, 2, 3, 0, 2, 3, 0, 9, 9, 4, 7, 18, 5, 09, 7, 3, 5, 4, 9, 4, 9, 80, 9, 0, 4, 9, 9, 6, 9, 4, 4, 9, 0, 2, 11, 327, 0, 0, 6, 5, 9, 5, 9, 8, 5, 7, 7, 6, 5, 7, 243, 0, 051, 6, 9, 3, 9, 6, 6, 03, 8, 4, 5, 8, 23, 38, 3, 0, 2, 4, 71, 9, 8, 1, 5, 40, 726, 5, 0, 2, 3, 9, 4, 9, 6, 4, 5, 7, 7, 87, 57, 2, 5, 9, 2, 85, 9, 1, 4, 2, 0, 7, 2, 5, 9, 8, 6, 29, 78, 52, 7, 8, 185, 5, 5, 3, 5, 0, 4, 36, 8, 0, 1, 2, 9, 0, 0, 2, 1, 2, 2, 81, 5, 3, 9, 0, 8, 24, 6, 0, 8, 3, 4, 34, 26, 1, 0, 8, 5, 2, 5, 5, 6, 0, 85, 5, 5, 4, 0, 6, 6, 8, 5, 3, 5, 1, 62, 3, 8, 2, 0, 10, 1, 5, 6, 53, 9, 4, 0, 4, 7, 2, 9, 72, 5, 3, 6, 49, 8, 7, 2, 60, 8, 6, 1, 2, 6, 8, 8, 8, 5, 906, 9, 0, 4, 5, 3, 5, 4, 7, 43, 5, 7, 0, 9, 4, 1, 6, 0, 8, 3, 1, 5, 7, 7, 023, 6, 9, 14, 6, 3, 39, 2, 6, 0, 96, 0, 8, 3, 9, 85, 6, 0, 6, 3, 7, 4, 51, 77, 1, 2, 6, 5, 4, 9, 9, 7, 4, 0, 40, 013, 8, 57, 9, 9, 3, 2, 0, 4, 4, 8, 9, 0, 3, 6, 0, 8, 1, 5, 0, 7, 8, 6, 6, 4, 8, 9, 9, 7, 18, 1, 4, 3, 8, 6, 2, 9, 8, 5, 8, 6, 2, 6, 5, 6, 8, 2, 8, 67, 6, 6, 6, 28, 25, 5, 1, 4, 4, 9, 7, 00, 77, 7, 0, 4, 01, 6, 8, 35, 1, 6, 6, 2, 3, 4, 1, 5, 6, 0, 7, 9, 69, 8, 4, 9, 7, 82, 5, 8, 5, 6, 71, 0, 2025, 1600, 94043, 24, 5, 4, 4, 8, 6, 9, 9, 7, 2, 1, 46, 4, 7, 2, 3, 0, 7, 6, 9, 7, 6, 3, 5, 0, 0, 9, 8, 2, 5, 4, 6, 2, 6, 58, 2, 17, 7, 7, 1, 9, 301, 0, 21, 8, 3, 6, 4, 7, 14, 7, 4, 9, 3, 82, 70, 7, 83, 9, 9, 0, 5, 38, 5, 79, 8, 8, 4, 6, 915, 19, 7, 5, 5, 4, 0, 1, 99, 1, 2, 4, 4, 2, 2, 1, 7, 9, 3, 8, 2, 6, 4, 0, 4, 710, 33, 3, 4, 4, 2, 4, 1, 8, 8, 3, 9, 6, 2, 6, 1, 9, 8, 34, 4, 5, 9, 7, 7, 2, 9, 2, 5, 88, 1, 8, 3, 14, 4, 9, 0, 8, 0, 9, 4, 5, 0, 5, 2, 7, 19"
"Thu, 29 May 2025 16:03:59 +0000",kufiya.org,,"3, 7, 6, 3, 01, 10, 0, 8, 3, 415991, 5, 5, 2, 658, 759357, 9, 54, 3, 01, 0, 419, 31, 92, 7, 4, 3, 01, 7, 30, 5, 57, 21, 2900, 114"
"Fri, 30 May 2025 22:36:42 +0000 (UTC)",accounts.epidemicsound.com,,
"Sat, 31 May 2025 06:13:38 +0000 (UTC)",tm.openai.com,,"8, 1, 3, 2, 2, 3, 2, 2, 1, 2, 100, 1, 100, 2, 0, 0, 4, 4, 16, 0, 0, 100, 100, 0, 0, 10, 37, 100, 0, 1, 26, 1, 4, 700, 0, 2, 24, 1, 4, 700, 0, 0, 16, 0, 0, 1, 1, 0, 0, 0, 0, 100, 9, 0, 0, 0, 600, 600, 0, 0, 0, 100, 560, 27, 20, 24, 15, 100, 0, 0, 0, 100, 0, 0, 1, 560, 168, 140, 100, 0, 16, 24, 16, 24, 33.90, 1238, 20216706, 001, 4, 2, 7, 2, 9, 5, 8, 9, 2, 9, 967, 3, 7, 85, 1, 1, 2, 71, 5, 77, 5, 9, 0, 3, 3, 3, 2, 7, 4, 2, 7, 6, 2, 8, 31, 5, 80, 2, 99, 2, 2, 3, 1, 0, 50, 2, 2, 4, 3, 15, 7, 8, 96, 3, 7, 5, 9, 5, 9, 0, 2, 8, 0, 1, 3, 0, 2, 21, 2, 7, 53, 5, 2, 3, 2, 04, 7, 6, 4, 2, 1, 2, 4, 9, 2, 9, 2, 9, 2, 4, 2, 3, 3, 9, 24, 9, 0, 0, 0, 600, 600, 0, 0, 0, 100, 560, 4, 24, 13, 20, 888, 0, 97, 9, 2, 0, 9, 0, 0, 1, 1, 1, 0, 20216706, 001, 6, 0, 5, 7, 7, 98, 0, 9, 01, 1, 2, 4, 2, 7, 2, 9, 1, 20, 2, 5, 56, 2, 1, 7, 8, 8, 0, 61, 0, 2, 4, 7, 9, 3, 2, 5, 87, 4, 012, 3, 2, 7, 2, 2, 4, 2, 2, 2, 2, 9, 2, 9, 1, 9, 8, 2, 2, 39, 7, 5, 2, 5, 3, 3, 1, 1, 0, 1, 1, 0, 0, 0, 0, 0, 0, 0, 0, 0"
"Sun, 01 Jun 2025 04:48:06 +1000",predictivefinancialservices.com,,"10, 500.00, 5, 250.00, 27, 30, 20, 10.50, 0.00, 27, 30, 10, 5, 250.00, 200, 6.00, 9.00, 50, 55, 3.75, 6.00, 60, 100, 5, 500, 100, 5, 12, 000.00, 6, 000.00, 12, 17, 20, 12, 000.00, 12, 17, 10, 6, 000.00, 120, 4.40, 7.00, 59, 345, 5.00, 7.50, 50, 510, 7.79, 7.34, 6, 37, 2.65, 4.00, 51, 100, 5, 500, 100, 5, 995, 41.45, 1995, 33.25, 995, 1995, 100, 100, 665, 7, 27, 2023, 11, 4575, 7, 28, 6.00, 6.00, 2.25, 3.45, 4575, 7, 28, 6.00, 30.00, 45.90, 665, 5, 050, 7, 50, 9, 2017, 37, 0.10, 16, 42.00, 0.10, 5.00, 10, 5.05, 6.00, 1, 000, 50, 050.00, 50, 5, 050, 7, 2, 062, 4, 2016, 136, 2.80, 13, 196.00, 2.80, 60.00, 13, 10, 13, 57.75, 20, 2, 062, 10, 54, 950.00, 30, 50, 2013, 100, 22, 995, 41.45, 1995, 33.25, 995, 1995, 100, 10, 100, 5, 500, 100, 5, 3, 202, 11, 1940, 1, 805, 708, 1765, 1800418, 7446, 805, 456, 0194, 222, 1395, 93102, 2019, 01, 0, 1, 20"
"Sun, 01 Jun 2025 08:15:04 +1000",predictivefinancialservices.com,,"10, 500.00, 5, 250.00, 27, 30, 20, 10.50, 0.00, 27, 30, 10, 5, 250.00, 200, 6.00, 9.00, 50, 55, 3.75, 6.00, 60, 100, 5, 500, 100, 5, 12, 000.00, 6, 000.00, 12, 17, 20, 12, 000.00, 12, 17, 10, 6, 000.00, 120, 4.40, 7.00, 59, 345, 5.00, 7.50, 50, 510, 7.79, 7.34, 6, 37, 2.65, 4.00, 51, 100, 5, 500, 100, 5, 995, 41.45, 1995, 33.25, 995, 1995, 100, 100, 665, 7, 27, 2023, 11, 4575, 7, 28, 6.00, 6.00, 2.25, 3.45, 4575, 7, 28, 6.00, 30.00, 45.90, 665, 5, 050, 7, 50, 9, 2017, 37, 0.10, 16, 42.00, 0.10, 5.00, 10, 5.05, 6.00, 1, 000, 50, 050.00, 50, 5, 050, 7, 2, 062, 4, 2016, 136, 2.80, 13, 196.00, 2.80, 60.00, 13, 10, 13, 57.75, 20, 2, 062, 10, 54, 950.00, 30, 50, 2013, 100, 22, 995, 41.45, 1995, 33.25, 995, 1995, 100, 10, 100, 5, 500, 100, 5, 3, 202, 11, 1940, 1, 805, 708, 1765, 1800418, 7446, 805, 456, 0194, 222, 1395, 93102, 2019, 01, 0, 1, 20"
"Sat, 31 May 2025 23:24:14 +0000",mg.vast.ai,,"24, 0.01"
"Sun, 01 Jun 2025 05:49:16 +0000 (UTC)",digitalocean.com,,"11.00, 24, 48, 26264468, 001, 2, 2, 0, 4, 3, 2, 7, 39, 5, 6, 0, 8, 237, 2, 8, 939, 7, 2, 3, 2, 7, 4, 2, 7, 6, 2, 2, 90, 0, 4, 8, 2, 00, 339, 2, 5, 3, 2, 1, 1, 2, 38, 2, 1, 54, 8, 0, 8, 5, 0, 9, 7, 8, 5, 6, 3, 0, 3, 54, 4, 0, 2, 9, 1, 1, 6, 5, 84, 4, 1, 3, 1, 9, 2, 1, 66, 7, 3, 6, 1, 2, 2, 3, 26264468, 001, 2, 2, 0, 4, 3, 2, 7, 39, 5, 6, 0, 4, 7, 49, 9, 2, 6, 4, 3, 0, 5, 3, 8, 5544, 2, 1, 3, 3, 8, 0, 9, 8, 5, 0, 6, 6, 6, 3, 3, 3, 2, 7, 4, 2, 7, 6, 2, 2, 90, 0, 4, 8, 2, 00, 339, 2, 5, 3, 2, 1, 1, 2, 38, 2, 1, 54, 8, 0, 8, 5, 0, 9, 7, 8, 7, 2, 5, 2, 8, 6, 3, 4, 9, 5, 8, 97, 92, 7, 813, 3, 2, 7, 75, 2, 8, 6, 0, 8, 3"
"Mon, 02 Jun 2025 04:11:06 +1000",predictivefinancialservices.com,,"10, 500.00, 5, 250.00, 27, 30, 20, 10.50, 0.00, 27, 30, 10, 5, 250.00, 200, 6.00, 9.00, 50, 55, 3.75, 6.00, 60, 100, 5, 500, 100, 5, 12, 000.00, 6, 000.00, 12, 17, 20, 12, 000.00, 12, 17, 10, 6, 000.00, 120, 4.40, 7.00, 59, 345, 5.00, 7.50, 50, 510, 7.79, 7.34, 6, 37, 2.65, 4.00, 51, 100, 5, 500, 100, 5, 995, 41.45, 1995, 33.25, 995, 1995, 100, 100, 665, 7, 27, 2023, 11, 4575, 7, 28, 6.00, 6.00, 2.25, 3.45, 4575, 7, 28, 6.00, 30.00, 45.90, 665, 5, 050, 7, 50, 9, 2017, 37, 0.10, 16, 42.00, 0.10, 5.00, 10, 5.05, 6.00, 1, 000, 50, 050.00, 50, 5, 050, 7, 2, 062, 4, 2016, 136, 2.80, 13, 196.00, 2.80, 60.00, 13, 10, 13, 57.75, 20, 2, 062, 10, 54, 950.00, 30, 50, 2013, 100, 22, 995, 41.45, 1995, 33.25, 995, 1995, 100, 10, 100, 5, 500, 100, 5, 3, 202, 11, 1940, 1, 805, 708, 1765, 1800418, 7446, 805, 456, 0194, 222, 1395, 93102, 2019, 01, 0, 1, 20"
"Mon, 02 Jun 2025 06:46:08 +1000",predictivefinancialservices.com,,"10, 500.00, 5, 250.00, 27, 30, 20, 10.50, 0.00, 27, 30, 10, 5, 250.00, 200, 6.00, 9.00, 50, 55, 3.75, 6.00, 60, 100, 5, 500, 100, 5, 12, 000.00, 6, 000.00, 12, 17, 20, 12, 000.00, 12, 17, 10, 6, 000.00, 120, 4.40, 7.00, 59, 345, 5.00, 7.50, 50, 510, 7.79, 7.34, 6, 37, 2.65, 4.00, 51, 100, 5, 500, 100, 5, 995, 41.45, 1995, 33.25, 995, 1995, 100, 100, 665, 7, 27, 2023, 11, 4575, 7, 28, 6.00, 6.00, 2.25, 3.45, 4575, 7, 28, 6.00, 30.00, 45.90, 665, 5, 050, 7, 50, 9, 2017, 37, 0.10, 16, 42.00, 0.10, 5.00, 10, 5.05, 6.00, 1, 000, 50, 050.00, 50, 5, 050, 7, 2, 062, 4, 2016, 136, 2.80, 13, 196.00, 2.80, 60.00, 13, 10, 13, 57.75, 20, 2, 062, 10, 54, 950.00, 30, 50, 2013, 100, 22, 995, 41.45, 1995, 33.25, 995, 1995, 100, 10, 100, 5, 500, 100, 5, 3, 202, 11, 1940, 1, 805, 708, 1765, 1800418, 7446, 805, 456, 0194, 222, 1395, 93102, 2019, 01, 0, 1, 20"
"Tue, 03 Jun 2025 10:30:38 +0000 (UTC)",digitalocean.com,,"26264468, 001, 2, 2, 0, 4, 3, 2, 7, 39, 5, 6, 73, 9, 2, 1, 2, 3, 3, 51, 2, 7, 4, 2, 7, 6, 2, 2, 90, 0, 4, 8, 2, 00, 339, 2, 5, 3, 2, 1, 1, 2, 38, 2, 1, 4, 0, 2, 7, 090, 4, 3, 9, 6, 4, 2, 2, 2, 2, 2, 1, 2, 0, 7, 2, 2, 3, 1, 8, 1, 1, 7, 2, 6, 1, 1, 59, 6, 2, 1, 40, 4, 3, 26264468, 001, 2, 2, 0, 2, 90, 8, 2, 1, 2, 6, 4, 3, 3, 2, 7, 4, 2, 7, 6, 2, 2, 90, 0, 4, 8, 2, 00, 339, 2, 5, 3, 2, 1, 1, 2, 38, 2, 1, 4, 0, 2, 7, 090, 4, 0, 00, 58, 2, 3, 1, 7, 5, 2, 2, 5, 2, 2, 9, 7, 2, 0, 4, 4, 1, 4, 7, 7, 4, 5, 6, 1, 3"
"Wed, 4 Jun 2025 18:08:07 +0000",epsteinlaw.ca,,"15, 15, 45, 10, 000, 001, 01, 557.51, 28180, 905, 898, 2266, 905, 898, 2266, 20, 278, 905, 898, 2216, 5045, 7, 400, 235, 3, 1, 8, 905, 898, 2266, 4, 2025, 1, 48, 25, 00001087, 0000, 1, 905, 540, 7111, 279, 07, 95, 71, 4, 2025, 1, 42, 25, 00001087, 0000, 001, 01, 557.51, 28180, 905, 898, 2266, 905, 898, 2266, 20, 278, 905, 898, 2216, 3, 8, 4, 2, 6, 4, 9, 5, 3, 0, 5, 00, 9, 5045, 7, 400, 235, 3, 1, 8, 905, 898, 2266, 2, 2025, 10, 16, 25, 00001087, 0000, 15, 001, 01, 557.51, 28180, 905, 898, 2266, 905, 898, 2266, 20, 278, 905, 898, 2216, 3, 8, 4, 2, 6, 4, 9, 5, 3, 0, 5, 00, 9, 5045, 7, 400, 235, 3, 1, 8, 905, 898, 2266, 29, 2025, 3, 45, 25, 00001087, 0000, 10, 000, 15, 1, 905, 540, 7111, 279, 07, 95, 71, 28, 2025, 7, 03, 25, 00001087, 0000, 001, 01, 557.51, 28180, 905, 898, 2266, 905, 898, 2266, 20, 278, 905, 898, 2216, 3, 8, 3, 9, 3, 2, 1, 22, 3, 19, 6, 3, 9, 2, 5045, 7, 400, 235, 3, 1, 8, 905, 898, 2266"
"Wed, 04 Jun 2025 22:36:43 +0000 (UTC)",accounts.epidemicsound.com,,
"Thu, 05 Jun 2025 00:02:54 +0000",paddle.com,,"8, 6, 1.12, 630, 100, 630, 30, 10, 630, 0, 630, 0, 630, 24, 630, 40, 630, 28, 630, 10, 630, 630, 28, 8, 0, 630, 323232, 2, 2, 2, 8, 8, 8, 262626, 2, 2, 2, 1, 5, 5, 5, 1, 5, 5, 5, 262626, 2, 2, 2, 2, 2, 2, 2, 2, 2, 4, 4, 4, 1, 1, 1, 2, 2, 2, 630, 1, 1, 1, 5, 5, 8, 45567, 73809, 2, 2, 2, 2, 2, 2, 007632, 262626, 36476, 2, 2, 2, 1, 9, 5, 5, 1, 7, 9, 1, 1, 7, 9, 1, 5, 5, 5, 2, 2, 2, 555555, 36476, 630, 300, 16, 6, 9, 4, 7, 3, 5, 0, 7, 2, 2, 0100, 024, 0259, 1, 00, 1, 2020, 20, 0, 20, 20, 20, 2113, 2, 60, 2, 7, 720, 7, 300, 16, 6, 9, 4, 7, 3, 5, 0, 2, 2, 0000, 00, 0131, 0152, 0153, 02, 02, 02, 6, 02, 02, 2000, 206, 2074, 20, 2122, 2191, 2193, 2212, 2215, 400, 16, 6, 4, 7, 2, 2, 0100, 024, 0259, 1, 00, 1, 2020, 20, 0, 20, 20, 20, 2113, 2, 60, 2, 7, 720, 7, 400, 16, 6, 4, 4, 2, 2, 0000, 00, 0131, 0152, 0153, 02, 02, 02, 6, 02, 02, 2000, 206, 2074, 20, 2122, 2191, 2193, 2212, 2215, 700, 16, 6, 9, 4, 6, 3, 5, 0, 7, 2, 2, 0100, 024, 0259, 1, 00, 1, 2020, 20, 0, 20, 20, 20, 2113, 2, 60, 2, 7, 720, 7, 700, 16, 6, 9, 4, 6, 3, 5, 0, 2, 2, 0000, 00, 0131, 0152, 0153, 02, 02, 02, 6, 02, 02, 2000, 206, 2074, 20, 2122, 2191, 2193, 2212, 2215, 0, 5, 5, 8, 0, 0, 0, 0, 0, 100, 1, 0, 6, 3, 1, 600, 100, 100, 6, 3, 0, 0, 0, 0, 100, 1, 3, 0, 0, 1, 3, 1, 30, 30, 0, 0, 0, 100, 1, 0, 6, 3, 1, 600, 100, 100, 6, 3, 0, 0, 1, 83, 0, 0, 0, 100, 0, 0, 0, 0, 0, 100, 1, 0, 50, 1, 83, 1, 0, 0, 100, 1, 0, 70, 3, 8687, 6119, 2, 4, 2, 1, 1, 74, 0, 28, 0, 0, 0, 100, 28, 3, 32, 900, 24, 16, 45567, 1, 3, 1, 83, 0, 0, 0, 100, 0, 0, 0, 0, 0, 100, 1, 0, 0, 1, 83, 1, 0, 0, 100, 1, 0, 8, 28, 8, 28, 8, 28, 8, 14, 500, 24, 0, 0, 0, 0, 45567, 8182, 0, 0, 100, 1, 3, 0, 0, 1, 3, 1, 24, 24, 16, 500, 24, 0, 0, 0, 0, 45567, 54.41, 7, 2025, 0, 0, 100, 1, 3, 0, 0, 1, 3, 1, 24, 24, 16, 500, 24, 0, 0, 0, 0, 45567, 1580129, 6, 3, 1, 98, 348, 6, 6, 12, 83460, 3884, 129, 5972422, 1807847, 8, 0, 0074, 7, 0, 0, 100, 1, 3, 0, 0, 1, 3, 1, 40, 40, 40, 0, 1, 2, 0, 10, 2, 4, 1, 7, 4, 0, 14, 500, 24, 0, 0, 10, 0, 45567, 70989, 2, 8, 68028, 0, 465146, 3, 837708175, 6, 6, 2, 47, 550, 7377, 62, 73962, 30, 8, 0, 0074, 7, 1, 8, 0, 0074, 7, 40, 0, 1, 2, 2, 28, 2, 4, 1, 7, 4, 0, 14, 500, 24, 0, 0, 0, 0, 45567, 14, 500, 24, 0, 0, 0, 0, 45567, 1, 83, 0, 0, 0, 100, 0, 0, 0, 5, 5, 8, 5, 5, 8, 0, 0, 100, 1, 0, 35, 1, 83, 1, 0, 0, 100, 1, 0, 95, 30, 10, 95, 30, 10, 95, 30, 10, 7, 1, 12, 500, 20, 0, 0, 0, 0, 2, 18, 29, 1, 8, 2025, 7, 0, 12, 500, 20, 0, 0, 0, 0, 2, 18, 29, 1, 8, 12, 500, 20, 0, 0, 0, 0, 2, 2025, 0, 0, 100, 1, 3, 0, 0, 1, 3, 1, 10, 10, 12, 500, 20, 0, 0, 0, 0, 2, 8205250, 79593947, 1, 70989, 2, 8, 68028, 0, 465146, 3, 837708175, 6, 6, 2, 47, 550, 7377, 62, 73962, 30, 3, 1, 4, 3, 4, 8, 14, 9, 5, 6, 25, 3, 5, 0, 7, 3, 9, 3, 6, 6, 8, 45, 8, 4, 2, 8, 5, 3, 8, 8, 4, 7, 2, 5, 8, 5, 7, 8, 25, 4, 8, 0, 0, 9, 8, 7, 6, 1, 6, 1, 7, 2, 9, 5, 8, 8, 8, 2, 2, 7, 7, 5, 3, 062, 6, 1, 5, 6, 1, 7, 0, 69, 2, 6, 5, 9, 33, 1, 1, 0"
"Thu, 05 Jun 2025 01:24:58 +0000",supabase.com,,"7, 24, 90, 2025"
"Thu, 05 Jun 2025 10:28:28 +0000 (UTC)",digitalocean.com,,"26264468, 001, 2, 2, 0, 4, 3, 2, 7, 39, 5, 6, 73, 9, 2, 1, 2, 3, 3, 63, 2, 7, 4, 2, 7, 6, 2, 2, 90, 0, 4, 8, 2, 00, 339, 2, 5, 3, 2, 1, 1, 2, 38, 2, 1, 261, 3, 7, 5, 2, 2, 7, 2, 2, 3, 2, 9, 2, 2, 78, 4, 0, 2, 3, 8, 2, 28, 9, 7, 2, 18, 8, 2, 7, 8, 7, 5, 4, 15, 8, 3, 3, 26264468, 001, 2, 2, 0, 2, 90, 8, 2, 1, 2, 6, 4, 3, 3, 4, 2, 7, 4, 2, 7, 6, 2, 2, 90, 0, 4, 8, 2, 00, 339, 2, 5, 3, 2, 1, 1, 2, 38, 2, 1, 261, 3, 7, 5, 2, 2, 7, 6, 7, 3, 2, 5, 7, 55, 3, 92, 7, 0, 2, 2, 0, 4, 2, 6, 77, 5, 3, 3"
"Thu, 5 Jun 2025 22:26:44 +0000",epsteinlaw.ca,,"001, 01, 647.21, 066190, 905, 898, 2266, 905, 898, 2266, 20, 278, 905, 898, 2216, 5045, 7, 400, 235, 3, 1, 8, 905, 898, 2266, 24, 5, 2025, 11, 41, 25, 00001087, 0000, 10, 4, 2025, 2, 08, 15, 15, 45, 10, 000, 001, 905, 898, 2266, 905, 898, 2266, 20, 278, 905, 898, 2216, 5045, 7, 400, 235, 3, 1, 8, 905, 898, 2266, 4, 2025, 1, 48, 25, 00001087, 0000, 1, 905, 540, 7111, 279, 07, 95, 71, 4, 2025, 1, 42, 25, 00001087, 0000, 001, 905, 898, 2266, 905, 898, 2266, 20, 278, 905, 898, 2216, 3, 8, 4, 2, 6, 4, 9, 5, 3, 0, 5, 00, 9, 5045, 7, 400, 235, 3, 1, 8, 905, 898, 2266, 2, 2025, 10, 16, 25, 00001087, 0000, 15, 001, 905, 898, 2266, 905, 898, 2266, 20, 278, 905, 898, 2216, 3, 8, 4, 2, 6, 4, 9, 5, 3, 0, 5, 00, 9, 5045, 7, 400, 235, 3, 1, 8, 905, 898, 2266, 29, 2025, 3, 45, 25, 00001087, 0000, 10, 000, 15, 1, 905, 540, 7111, 279, 07, 95, 71, 28, 2025, 7, 03, 25, 00001087, 0000, 001, 905, 898, 2266, 905, 898, 2266, 20, 278, 905, 898, 2216, 3, 8, 3, 9, 3, 2, 1, 22, 3, 19, 6, 3, 9, 2, 5045, 7, 400, 235, 3, 1, 8, 905, 898, 2266"
"Fri, 06 Jun 2025 02:26:58 +0000",supabase.com,,"7, 24, 90, 25, 2025"
"Fri, 6 Jun 2025 13:22:02 -0400 (EDT)",enbridgegas.com,,"145, 2706, 2706, 75, 19, 145, 75, 70, 4, 05169, 05171, 05551, 115, 75, 40, 01334, 02081, 02082, 02083, 2706, 2706, 75, 36753, 1, 027, 60, 2706, 2706, 75, 20, 2025"
"Sat, 07 Jun 2025 02:10:44 +0000",supabase.com,,"2025, 24, 2025, 2025, 2025, 2025, 6, 2025, 7, 2025, 4, 9, 2025, 3, 4, 1928436481473056914, 3, 2025, 41, 2025, 2025, 5, 2025, 8, 2025, 7, 7, 2025, 6, 2025, 2025, 6, 2025, 2025, 2025, 30, 8, 2025, 3, 8, 8, 2025, 7, 8, 2025, 2025, 0, 1, 2025, 3, 2025, 2, 2025, 8, 2025, 7, 2025, 55, 2025, 21, 2025, 2025, 1, 1906626575946408051, 2025, 1, 7, 5, 3, 6, 9, 4, 3, 3, 4, 2, 90, 4, 2, 4, 5, 5, 3, 5, 2, 3, 86, 77, 0, 2, 0, 83, 0, 2, 8, 7, 4, 0, 8, 3, 1, 3, 0, 9, 2, 8, 5, 5, 6, 5, 31, 1, 2, 2, 6, 7, 841, 4, 1, 8, 81, 40, 0, 4, 778, 3, 4, 9, 818, 6, 9, 1, 9, 26, 5, 8, 4, 7, 5, 1"
"Sat, 07 Jun 2025 05:58:23 +0000",macpaw.com,Your ,"3, 1, 0, 3, 1, 1, 3, 1999, 100, 100, 100, 86, 2, 3, 20, 8, 2, 6, 89, 2, 6, 89, 2, 6, 89, 2, 6, 89, 2, 6, 89, 5, 0, 5, 54.41, 2, 6, 89, 53084, 7, 4, 327, 2, 7, 5, 1, 10, 0, 5, 0, 8, 3, 5, 7, 3075, 9333, 44, 4, 90, 8, 308, 1, 1, 2023, 04, 20, 13, 50, 20, 100, 295, 93, 3, 87, 02896, 0, 224, 24, 73, 966, 6, 68269, 2, 616379, 3, 0717, 36, 66, 2417, 84, 9, 3, 5"
"Sat, 07 Jun 2025 10:25:47 +0000 (UTC)",digitalocean.com,,"26264468, 001, 2, 2, 0, 4, 3, 2, 7, 39, 5, 6, 73, 9, 2, 1, 2, 3, 3, 9, 2, 7, 4, 2, 7, 6, 2, 2, 90, 0, 4, 8, 2, 00, 339, 2, 5, 3, 2, 1, 1, 2, 38, 2, 1, 8, 2, 9, 7, 3, 4, 5, 8, 2, 5, 5, 1, 5, 8, 7, 7, 4, 2, 4, 5, 7, 1, 1, 1, 2, 1, 0, 8, 4, 6, 2, 3, 2, 2, 4, 3, 3, 26264468, 001, 2, 2, 0, 2, 90, 8, 2, 1, 2, 6, 4, 3, 3, 3, 2, 7, 4, 2, 7, 6, 2, 2, 90, 0, 4, 8, 2, 00, 339, 2, 5, 3, 2, 1, 1, 2, 38, 2, 1, 8, 2, 9, 7, 3, 4, 5, 8, 6, 5, 2, 6, 2, 2, 2, 5, 2, 2, 5, 7, 3, 7, 2, 2, 2, 5, 1, 7, 9, 4, 2, 9, 7, 2, 3"
"Sun, 08 Jun 2025 03:46:07 +1000",predictivefinancialservices.com,,"30, 240.00, 15, 120.00, 2, 2, 7, 20, 30, 240.00, 2, 7, 10, 15, 120.00, 115, 4.40, 9.00, 105, 66, 2.88, 4.60, 60, 680, 10.00, 15.00, 50, 113, 2.60, 2.60, 0, 700, 7.20, 11.00, 53, 100, 5, 500, 100, 5, 10, 500.00, 5, 250.00, 27, 30, 20, 10.50, 0.00, 27, 30, 10, 5, 250.00, 200, 6.00, 9.00, 50, 55, 3.75, 6.00, 60, 100, 5, 500, 100, 5, 12, 000.00, 6, 000.00, 12, 17, 20, 12, 000.00, 12, 17, 10, 6, 000.00, 120, 4.40, 7.00, 59, 345, 5.00, 7.50, 50, 510, 7.79, 7.34, 6, 37, 2.65, 4.00, 51, 100, 5, 500, 100, 5, 995, 41.45, 1995, 33.25, 995, 1995, 100, 100, 665, 7, 27, 2023, 11, 4575, 7, 28, 6.00, 6.00, 2.25, 3.45, 4575, 7, 28, 6.00, 30.00, 45.90, 665, 5, 050, 7, 50, 9, 2017, 37, 0.10, 16, 42.00, 0.10, 5.00, 10, 5.05, 6.00, 1, 000, 50, 050.00, 50, 5, 050, 7, 2, 062, 4, 2016, 136, 2.80, 13, 196.00, 2.80, 60.00, 13, 10, 13, 57.75, 20, 2, 062, 10, 54, 950.00, 30, 50, 2013, 100, 22, 995, 41.45, 1995, 33.25, 995, 1995, 100, 10, 100, 5, 500, 100, 5, 3, 202, 11, 1940, 1, 805, 708, 1765, 1800418, 7446, 805, 456, 0194, 222, 1395, 93102, 2019, 01, 0, 1, 20"
"Sun, 08 Jun 2025 06:31:12 +1000",predictivefinancialservices.com,,"30, 240.00, 15, 120.00, 2, 2, 7, 20, 30, 240.00, 2, 7, 10, 15, 120.00, 115, 4.40, 9.00, 105, 66, 2.88, 4.60, 60, 680, 10.00, 15.00, 50, 113, 2.60, 2.60, 0, 700, 7.20, 11.00, 53, 100, 5, 500, 100, 5, 10, 500.00, 5, 250.00, 27, 30, 20, 10.50, 0.00, 27, 30, 10, 5, 250.00, 200, 6.00, 9.00, 50, 55, 3.75, 6.00, 60, 100, 5, 500, 100, 5, 12, 000.00, 6, 000.00, 12, 17, 20, 12, 000.00, 12, 17, 10, 6, 000.00, 120, 4.40, 7.00, 59, 345, 5.00, 7.50, 50, 510, 7.79, 7.34, 6, 37, 2.65, 4.00, 51, 100, 5, 500, 100, 5, 995, 41.45, 1995, 33.25, 995, 1995, 100, 100, 665, 7, 27, 2023, 11, 4575, 7, 28, 6.00, 6.00, 2.25, 3.45, 4575, 7, 28, 6.00, 30.00, 45.90, 665, 5, 050, 7, 50, 9, 2017, 37, 0.10, 16, 42.00, 0.10, 5.00, 10, 5.05, 6.00, 1, 000, 50, 050.00, 50, 5, 050, 7, 2, 062, 4, 2016, 136, 2.80, 13, 196.00, 2.80, 60.00, 13, 10, 13, 57.75, 20, 2, 062, 10, 54, 950.00, 30, 50, 2013, 100, 22, 995, 41.45, 1995, 33.25, 995, 1995, 100, 10, 100, 5, 500, 100, 5, 3, 202, 11, 1940, 1, 805, 708, 1765, 1800418, 7446, 805, 456, 0194, 222, 1395, 93102, 2019, 01, 0, 1, 19"
"Sun, 08 Jun 2025 03:48:35 +0000",paddle.com,,"8, 6, 1.12, 630, 100, 630, 30, 10, 630, 630, 8, 0, 630, 8, 0, 630, 1, 2, 4, 15, 0, 630, 1, 2, 4, 15, 0, 630, 0, 630, 40, 630, 24, 630, 10, 630, 630, 28, 8, 0, 630, 323232, 2, 2, 2, 8, 8, 8, 262626, 2, 2, 2, 1, 5, 5, 5, 1, 5, 5, 5, 262626, 2, 2, 2, 2, 2, 2, 2, 2, 2, 4, 4, 4, 1, 1, 1, 2, 2, 2, 630, 1, 1, 1, 5, 5, 8, 45567, 73809, 2, 2, 2, 2, 2, 2, 007632, 262626, 36476, 2, 2, 2, 1, 9, 5, 5, 1, 7, 9, 1, 1, 7, 9, 1, 5, 5, 5, 2, 2, 2, 555555, 36476, 630, 300, 16, 6, 9, 4, 7, 3, 5, 0, 7, 2, 2, 0100, 024, 0259, 1, 00, 1, 2020, 20, 0, 20, 20, 20, 2113, 2, 60, 2, 7, 720, 7, 300, 16, 6, 9, 4, 7, 3, 5, 0, 2, 2, 0000, 00, 0131, 0152, 0153, 02, 02, 02, 6, 02, 02, 2000, 206, 2074, 20, 2122, 2191, 2193, 2212, 2215, 400, 16, 6, 4, 7, 2, 2, 0100, 024, 0259, 1, 00, 1, 2020, 20, 0, 20, 20, 20, 2113, 2, 60, 2, 7, 720, 7, 400, 16, 6, 4, 4, 2, 2, 0000, 00, 0131, 0152, 0153, 02, 02, 02, 6, 02, 02, 2000, 206, 2074, 20, 2122, 2191, 2193, 2212, 2215, 700, 16, 6, 9, 4, 6, 3, 5, 0, 7, 2, 2, 0100, 024, 0259, 1, 00, 1, 2020, 20, 0, 20, 20, 20, 2113, 2, 60, 2, 7, 720, 7, 700, 16, 6, 9, 4, 6, 3, 5, 0, 2, 2, 0000, 00, 0131, 0152, 0153, 02, 02, 02, 6, 02, 02, 2000, 206, 2074, 20, 2122, 2191, 2193, 2212, 2215, 0, 5, 5, 8, 0, 0, 0, 0, 0, 100, 1, 0, 6, 3, 1, 600, 100, 100, 6, 3, 0, 0, 0, 0, 100, 1, 3, 0, 0, 1, 3, 1, 30, 30, 1, 83, 0, 0, 0, 100, 0, 0, 0, 0, 0, 100, 1, 0, 50, 1, 83, 1, 0, 0, 100, 1, 0, 70, 3, 103500, 7, 7, 3, 20, 20, 20512, 1, 74, 0, 28, 0, 0, 0, 100, 28, 3, 32, 900, 24, 24, 45567, 3, 14, 500, 24, 12, 0, 0, 0, 45567, 27, 28, 40, 0, 0, 100, 1, 0, 1, 2, 3, 1, 4, 035, 0, 0, 0, 100, 1, 2, 4, 4, 4, 4, 4, 035, 1, 035, 3, 035, 4, 45567, 20, 0, 400, 8, 11, 035, 4, 45567, 20, 0, 400, 8, 11, 2, 14, 500, 20, 0, 0, 0, 0, 035, 4, 45567, 20, 0, 400, 8, 11, 2, 14, 500, 20, 0, 0, 0, 0, 035, 2, 035, 3, 035, 5, 45567, 20, 15, 400, 12, 1, 2, 4, 14, 500, 24, 0, 0, 0, 0, 45567, 035, 5, 45567, 20, 15, 400, 12, 1, 2, 4, 14, 500, 24, 0, 0, 0, 0, 45567, 1, 035, 5, 45567, 20, 15, 400, 12, 1, 2, 4, 14, 900, 24, 0, 0, 0, 0, 45567, 119.00, 0, 0, 0, 0, 100, 100, 0, 1, 0, 2, 50, 6, 4, 0, 1, 6, 2, 3, 9, 0, 3, 9, 0, 4, 1, 1, 3, 0, 1, 2, 2, 1, 1, 0, 0, 1, 0, 9, 1, 6, 5, 2, 3, 2, 0, 5, 1, 5, 0, 3, 3, 34, 326, 5, 0074, 7, 0074, 7, 16, 6, 4, 0, 1, 6, 2, 3, 9, 0, 3, 9, 0, 4, 1, 1, 3, 0, 1, 2, 2, 1, 1, 0, 0, 1, 0, 9, 1, 6, 5, 2, 3, 2, 0, 5, 1, 5, 0, 3, 3, 0, 3, 0074, 7, 2, 4, 16, 900, 44, 0, 0, 0, 0, 0, 326, 0, 4, 0, 0, 100, 1, 3, 0, 0, 1, 3, 1, 40, 40, 14, 500, 24, 0, 0, 0, 0, 45567, 14, 500, 24, 0, 0, 0, 0, 45567, 0, 0, 100, 1, 3, 0, 0, 1, 3, 1, 24, 24, 14, 700, 22, 0, 0, 10, 0, 45567, 14, 500, 22, 15, 0, 10, 0, 45567, 10128875, 4, 924089, 921, 36, 0, 75, 3, 77, 44, 8, 0, 0074, 7, 1, 83, 0, 0, 0, 100, 0, 0, 0, 5, 5, 8, 5, 5, 8, 0, 0, 100, 1, 0, 35, 1, 83, 1, 0, 0, 100, 1, 0, 95, 30, 10, 95, 30, 10, 95, 30, 10, 7, 1, 12, 500, 20, 0, 0, 0, 0, 2, 18, 29, 1, 8, 2025, 7, 0, 12, 500, 20, 0, 0, 0, 0, 2, 18, 29, 1, 8, 12, 500, 20, 0, 0, 0, 0, 2, 2025, 1, 1, 7, 81, 0, 6, 0, 4, 5, 3, 4, 7, 9, 8, 1, 63, 11, 9, 7"
"Sun, 08 Jun 2025 10:21:46 +0000 (UTC)",digitalocean.com,,"11.00, 26264468, 001, 2, 2, 0, 4, 3, 2, 7, 39, 5, 6, 0, 8, 237, 2, 8, 939, 7, 2, 3, 0, 2, 7, 4, 2, 7, 6, 2, 2, 90, 0, 4, 8, 2, 00, 339, 2, 5, 3, 2, 1, 1, 2, 38, 2, 1, 4, 1, 1, 2, 50, 6, 6, 7, 1, 54, 6, 9, 5, 0, 115, 0, 97, 1, 2, 1, 0, 0, 0, 2, 5, 2, 2, 8, 3, 26264468, 001, 2, 2, 0, 4, 3, 2, 7, 39, 5, 6, 3, 81, 7, 2, 7, 4, 2, 7, 6, 2, 2, 90, 0, 4, 8, 2, 00, 339, 2, 5, 3, 2, 1, 1, 2, 38, 2, 1, 4, 1, 1, 2, 50, 6, 6, 7, 0, 4, 1, 6, 1, 2, 1, 6, 2, 3, 1, 3, 2, 2, 452, 2, 0, 2, 3, 08, 3"
"Sun, 08 Jun 2025 10:48:41 +0000",paddle.com,,"8, 6, 1.12, 630, 100, 630, 30, 10, 630, 630, 8, 0, 630, 8, 0, 630, 1, 2, 4, 15, 0, 630, 1, 2, 4, 15, 0, 630, 0, 630, 40, 630, 24, 630, 10, 630, 630, 28, 8, 0, 630, 323232, 2, 2, 2, 8, 8, 8, 262626, 2, 2, 2, 1, 5, 5, 5, 1, 5, 5, 5, 262626, 2, 2, 2, 2, 2, 2, 2, 2, 2, 4, 4, 4, 1, 1, 1, 2, 2, 2, 630, 1, 1, 1, 5, 5, 8, 45567, 73809, 2, 2, 2, 2, 2, 2, 007632, 262626, 36476, 2, 2, 2, 1, 9, 5, 5, 1, 7, 9, 1, 1, 7, 9, 1, 5, 5, 5, 2, 2, 2, 555555, 36476, 630, 300, 16, 6, 9, 4, 7, 3, 5, 0, 7, 2, 2, 0100, 024, 0259, 1, 00, 1, 2020, 20, 0, 20, 20, 20, 2113, 2, 60, 2, 7, 720, 7, 300, 16, 6, 9, 4, 7, 3, 5, 0, 2, 2, 0000, 00, 0131, 0152, 0153, 02, 02, 02, 6, 02, 02, 2000, 206, 2074, 20, 2122, 2191, 2193, 2212, 2215, 400, 16, 6, 4, 7, 2, 2, 0100, 024, 0259, 1, 00, 1, 2020, 20, 0, 20, 20, 20, 2113, 2, 60, 2, 7, 720, 7, 400, 16, 6, 4, 4, 2, 2, 0000, 00, 0131, 0152, 0153, 02, 02, 02, 6, 02, 02, 2000, 206, 2074, 20, 2122, 2191, 2193, 2212, 2215, 700, 16, 6, 9, 4, 6, 3, 5, 0, 7, 2, 2, 0100, 024, 0259, 1, 00, 1, 2020, 20, 0, 20, 20, 20, 2113, 2, 60, 2, 7, 720, 7, 700, 16, 6, 9, 4, 6, 3, 5, 0, 2, 2, 0000, 00, 0131, 0152, 0153, 02, 02, 02, 6, 02, 02, 2000, 206, 2074, 20, 2122, 2191, 2193, 2212, 2215, 0, 5, 5, 8, 0, 0, 0, 0, 0, 100, 1, 0, 6, 3, 1, 600, 100, 100, 6, 3, 0, 0, 0, 0, 100, 1, 3, 0, 0, 1, 3, 1, 30, 30, 1, 83, 0, 0, 0, 100, 0, 0, 0, 0, 0, 100, 1, 0, 50, 1, 83, 1, 0, 0, 100, 1, 0, 70, 3, 103500, 7, 7, 3, 20, 20, 20512, 1, 74, 0, 28, 0, 0, 0, 100, 28, 3, 32, 900, 24, 24, 45567, 3, 14, 500, 24, 12, 0, 0, 0, 45567, 27, 28, 40, 0, 0, 100, 1, 0, 1, 2, 3, 1, 4, 035, 0, 0, 0, 100, 1, 2, 4, 4, 4, 4, 4, 035, 1, 035, 3, 035, 4, 45567, 20, 0, 400, 8, 11, 035, 4, 45567, 20, 0, 400, 8, 11, 2, 14, 500, 20, 0, 0, 0, 0, 035, 4, 45567, 20, 0, 400, 8, 11, 2, 14, 500, 20, 0, 0, 0, 0, 035, 2, 035, 3, 035, 5, 45567, 20, 15, 400, 12, 1, 2, 4, 14, 500, 24, 0, 0, 0, 0, 45567, 035, 5, 45567, 20, 15, 400, 12, 1, 2, 4, 14, 500, 24, 0, 0, 0, 0, 45567, 1, 035, 5, 45567, 20, 15, 400, 12, 1, 2, 4, 14, 900, 24, 0, 0, 0, 0, 45567, 119.00, 0, 0, 0, 0, 100, 100, 0, 1, 0, 2, 50, 6, 0, 3, 1, 3, 9, 9, 3, 6, 1, 2, 0, 4, 1, 0, 242, 0, 2, 4, 9, 1, 6, 0, 2, 3, 2, 3, 0, 2, 3, 3, 4, 5, 0, 3, 3, 34, 326, 5, 0074, 7, 0074, 7, 16, 6, 0, 3, 1, 3, 9, 9, 3, 6, 1, 2, 0, 4, 1, 0, 242, 0, 2, 4, 9, 1, 6, 0, 2, 3, 2, 3, 0, 2, 3, 3, 4, 5, 0, 3, 3, 0, 3, 0074, 7, 2, 4, 16, 900, 44, 0, 0, 0, 0, 0, 326, 0, 4, 0, 0, 100, 1, 3, 0, 0, 1, 3, 1, 40, 40, 14, 500, 24, 0, 0, 0, 0, 45567, 14, 500, 24, 0, 0, 0, 0, 45567, 0, 0, 100, 1, 3, 0, 0, 1, 3, 1, 24, 24, 14, 700, 22, 0, 0, 10, 0, 45567, 14, 500, 22, 15, 0, 10, 0, 45567, 10128875, 4, 924089, 921, 36, 0, 75, 3, 77, 44, 8, 0, 0074, 7, 1, 83, 0, 0, 0, 100, 0, 0, 0, 5, 5, 8, 5, 5, 8, 0, 0, 100, 1, 0, 35, 1, 83, 1, 0, 0, 100, 1, 0, 95, 30, 10, 95, 30, 10, 95, 30, 10, 7, 1, 12, 500, 20, 0, 0, 0, 0, 2, 18, 29, 1, 8, 2025, 7, 0, 12, 500, 20, 0, 0, 0, 0, 2, 18, 29, 1, 8, 12, 500, 20, 0, 0, 0, 0, 2, 2025, 1, 1, 5, 6, 45, 45, 5, 9, 99, 257, 0, 0, 6, 0, 8, 7, 5, 94"
"Mon, 09 Jun 2025 02:21:09 +1000",predictivefinancialservices.com,,"30, 240.00, 15, 120.00, 2, 2, 7, 20, 30, 240.00, 2, 7, 10, 15, 120.00, 115, 4.40, 9.00, 105, 66, 2.88, 4.60, 60, 680, 10.00, 15.00, 50, 113, 2.60, 2.60, 0, 700, 7.20, 11.00, 53, 100, 5, 500, 100, 5, 10, 500.00, 5, 250.00, 27, 30, 20, 10.50, 0.00, 27, 30, 10, 5, 250.00, 200, 6.00, 9.00, 50, 55, 3.75, 6.00, 60, 100, 5, 500, 100, 5, 12, 000.00, 6, 000.00, 12, 17, 20, 12, 000.00, 12, 17, 10, 6, 000.00, 120, 4.40, 7.00, 59, 345, 5.00, 7.50, 50, 510, 7.79, 7.34, 6, 37, 2.65, 4.00, 51, 100, 5, 500, 100, 5, 995, 41.45, 1995, 33.25, 995, 1995, 100, 100, 665, 7, 27, 2023, 11, 4575, 7, 28, 6.00, 6.00, 2.25, 3.45, 4575, 7, 28, 6.00, 30.00, 45.90, 665, 5, 050, 7, 50, 9, 2017, 37, 0.10, 16, 42.00, 0.10, 5.00, 10, 5.05, 6.00, 1, 000, 50, 050.00, 50, 5, 050, 7, 2, 062, 4, 2016, 136, 2.80, 13, 196.00, 2.80, 60.00, 13, 10, 13, 57.75, 20, 2, 062, 10, 54, 950.00, 30, 50, 2013, 100, 22, 995, 41.45, 1995, 33.25, 995, 1995, 100, 10, 100, 5, 500, 100, 5, 3, 202, 11, 1940, 1, 805, 708, 1765, 1800418, 7446, 805, 456, 0194, 222, 1395, 93102, 2019, 01, 0, 1, 20"
